ID,Description,GeneRatio,BgRatio,RichFactor,FoldEnrichment,zScore,pvalue,p.adjust,qvalue,geneID,Count
GO:0007059,chromosome segregation,15/15,443/25615,0.033860045146726865,57.8216704288939,29.2025884417571,2.926460332636866e-27,1.4954212299774385e-24,4.374288076151947e-25,Cdc20/Pttg1/Aurkb/Ccnb1/Kif11/Ccnb2/Plk1/Top2a/Tpx2/Cdk1/Bub1/Mki67/Cenpf/Ube2c/Nusap1,15
GO:0098813,nuclear chromosome segregation,14/15,332/25615,0.04216867469879518,72.01004016064257,31.5238205968322,4.2549711225807945e-26,1.087145121819393e-23,3.1800310495077516e-24,Cdc20/Pttg1/Aurkb/Ccnb1/Kif11/Ccnb2/Plk1/Top2a/Tpx2/Cdk1/Bub1/Cenpf/Ube2c/Nusap1,14
GO:0000280,nuclear division,14/15,473/25615,0.02959830866807611,50.54404510218464,26.326096637580328,6.532517233278144e-24,1.1127054354017106e-21,3.2547980600894613e-22,Cdc20/Pttg1/Aurkb/Ccnb1/Kif11/Ccnb2/Plk1/Top2a/Tpx2/Cdk1/Bub1/Mki67/Ube2c/Nusap1,14
GO:0000819,sister chromatid segregation,11/15,232/25615,0.047413793103448273,80.9669540229885,29.617433423569974,3.5046852100074057e-20,4.4772353557844606e-18,1.3096455258448725e-18,Cdc20/Aurkb/Ccnb1/Kif11/Plk1/Top2a/Tpx2/Cdk1/Bub1/Ube2c/Nusap1,11
GO:0140014,mitotic nuclear division,11/15,285/25615,0.03859649122807018,65.90994152046783,26.673524349710966,3.4989404882510576e-19,3.575917178992581e-17,1.0459990512245267e-17,Cdc20/Aurkb/Ccnb1/Kif11/Plk1/Tpx2/Cdk1/Bub1/Mki67/Ube2c/Nusap1,11
GO:0000070,mitotic sister chromatid segregation,10/15,192/25615,0.052083333333333336,88.94097222222221,29.606892560265223,1.2846984051984165e-18,1.0941348084273181e-16,3.2004767287399146e-17,Cdc20/Aurkb/Ccnb1/Kif11/Plk1/Tpx2/Cdk1/Bub1/Ube2c/Nusap1,10
GO:0007088,regulation of mitotic nuclear division,8/15,122/25615,0.06557377049180328,111.97814207650272,29.742073441213304,1.3125381339617125e-15,9.581528377920501e-14,2.8027130078580925e-14,Cdc20/Aurkb/Ccnb1/Plk1/Bub1/Mki67/Ube2c/Nusap1,8
GO:0051783,regulation of nuclear division,8/15,157/25615,0.050955414012738856,87.01486199575372,26.168301293811055,1.0322506461232562e-14,6.593501002112299e-13,1.9286788388092418e-13,Cdc20/Aurkb/Ccnb1/Plk1/Bub1/Mki67/Ube2c/Nusap1,8
GO:1902850,microtubule cytoskeleton organization involved in mitosis,8/15,165/25615,0.048484848484848485,82.79595959595959,25.514924053482517,1.5469891367207267e-14,8.78346054293657e-13,2.5692685077700956e-13,Cdc20/Aurkb/Ccnb1/Kif11/Plk1/Tpx2/Cdk1/Nusap1,8
GO:0051304,chromosome separation,7/15,88/25615,0.07954545454545454,135.83712121212122,30.67010537139454,2.7855161945994088e-14,1.4233987754402979e-12,4.16361368034859e-13,Cdc20/Aurkb/Ccnb1/Plk1/Top2a/Bub1/Ube2c,7
GO:0033045,regulation of sister chromatid segregation,7/15,107/25615,0.06542056074766354,111.71651090342681,27.77988382639662,1.1382145360986612e-13,5.2875238904219625e-12,1.5466647284785634e-12,Cdc20/Aurkb/Ccnb1/Plk1/Cdk1/Bub1/Ube2c,7
GO:0033047,regulation of mitotic sister chromatid segregation,6/15,60/25615,0.1,170.76666666666668,31.86797394870067,6.287504389394768e-13,2.484237710734777e-11,7.266695950650701e-12,Cdc20/Aurkb/Ccnb1/Plk1/Cdk1/Bub1,6
GO:0051983,regulation of chromosome segregation,7/15,136/25615,0.051470588235294115,87.89460784313725,24.59435524847484,6.319978520460293e-13,2.484237710734777e-11,7.266695950650701e-12,Cdc20/Aurkb/Ccnb1/Plk1/Cdk1/Bub1/Ube2c,7
GO:0044772,mitotic cell cycle phase transition,9/15,453/25615,0.019867549668874173,33.9271523178808,17.115714915836996,7.124348335191178e-13,2.6003871423447798e-11,7.606447094715393e-12,Cdc20/Aurkb/Ccnb1/Ccnb2/Plk1/Cdk1/Bub1/Cenpf/Ube2c,9
GO:0010965,regulation of mitotic sister chromatid separation,6/15,62/25615,0.0967741935483871,165.25806451612905,31.344832101416742,7.715907697380754e-13,2.6285525555743772e-11,7.688834337039067e-12,Cdc20/Aurkb/Ccnb1/Plk1/Bub1/Ube2c,6
GO:0051306,mitotic sister chromatid separation,6/15,65/25615,0.09230769230769231,157.63076923076926,30.60572391935987,1.0357927983393477e-12,3.15237756220538e-11,9.221085875644536e-12,Cdc20/Aurkb/Ccnb1/Plk1/Bub1/Ube2c,6
GO:0090068,positive regulation of cell cycle process,8/15,278/25615,0.02877697841726619,49.14148681055156,19.535685303340095,1.048736175293375e-12,3.15237756220538e-11,9.221085875644536e-12,Cdc20/Aurkb/Ccnb1/Plk1/Cdk1/Bub1/Ube2c/Nusap1,8
GO:0044839,cell cycle G2/M phase transition,7/15,165/25615,0.04242424242424243,72.44646464646465,22.286566822481728,2.494669863326136e-12,7.08209055644253e-11,2.071597196446265e-11,Cdc20/Aurkb/Ccnb1/Ccnb2/Plk1/Cdk1/Cenpf,7
GO:1905818,regulation of chromosome separation,6/15,77/25615,0.07792207792207792,133.06493506493507,28.093367014855133,2.9624152662823967e-12,7.967337900370025e-11,2.3305427579617745e-11,Cdc20/Aurkb/Ccnb1/Plk1/Bub1/Ube2c,6
GO:1901990,regulation of mitotic cell cycle phase transition,8/15,343/25615,0.023323615160349854,39.82896015549077,17.524569708807935,5.6514553187548e-12,1.4439468339418514e-10,4.2237192382272714e-11,Cdc20/Aurkb/Ccnb1/Plk1/Cdk1/Bub1/Cenpf/Ube2c,8
GO:0045787,positive regulation of cell cycle,8/15,358/25615,0.0223463687150838,38.16014897579143,17.139274210276294,7.95752225835851e-12,1.9263269788227744e-10,5.6347395404847867e-11,Cdc20/Aurkb/Ccnb1/Plk1/Cdk1/Bub1/Ube2c/Nusap1,8
GO:0030071,regulation of mitotic metaphase/anaphase transition,6/15,91/25615,0.06593406593406594,112.5934065934066,25.813637862044605,8.293384253248736e-12,1.9263269788227744e-10,5.6347395404847867e-11,Cdc20/Aurkb/Ccnb1/Plk1/Bub1/Ube2c,6
GO:1902099,regulation of metaphase/anaphase transition of cell cycle,6/15,94/25615,0.06382978723404255,109,25.392367093869648,1.0121306281805635e-11,2.2486902217402953e-10,6.577691038976659e-11,Cdc20/Aurkb/Ccnb1/Plk1/Bub1/Ube2c,6
GO:0007091,metaphase/anaphase transition of mitotic cell cycle,6/15,96/25615,0.0625,106.72916666666667,25.1225054575202,1.1516925439532618e-11,2.45214537483382e-10,7.172821984270314e-11,Cdc20/Aurkb/Ccnb1/Plk1/Bub1/Ube2c,6
GO:0007051,spindle organization,7/15,210/25615,0.03333333333333333,56.922222222222224,19.696942548221685,1.370622767690121e-11,2.733451766097569e-10,7.99567722290359e-11,Cdc20/Aurkb/Ccnb1/Kif11/Ccnb2/Plk1/Tpx2,7
GO:0044784,metaphase/anaphase transition of cell cycle,6/15,99/25615,0.06060606060606061,103.4949494949495,24.733075077523562,1.3907973760966105e-11,2.733451766097569e-10,7.99567722290359e-11,Cdc20/Aurkb/Ccnb1/Plk1/Bub1/Ube2c,6
GO:0033044,regulation of chromosome organization,7/15,242/25615,0.028925619834710745,49.39531680440772,18.310047033905935,3.7163921519092895e-11,7.033616257872767e-10,2.0574178774702498e-10,Cdc20/Aurkb/Ccnb1/Plk1/Cdk1/Bub1/Ube2c,7
GO:1901987,regulation of cell cycle phase transition,8/15,450/25615,0.017777777777777778,30.358518518518515,15.209196661119583,4.9273333932186234e-11,8.992383442623988e-10,2.6303809843497916e-10,Cdc20/Aurkb/Ccnb1/Plk1/Cdk1/Bub1/Cenpf/Ube2c,8
GO:0007094,mitotic spindle assembly checkpoint signaling,5/15,51/25615,0.09803921568627451,167.41830065359477,28.796261984592626,7.565249954016312e-11,1.2470460408072051e-9,3.6477605890333323e-10,Cdc20/Aurkb/Ccnb1/Plk1/Bub1,5
GO:0071173,spindle assembly checkpoint signaling,5/15,51/25615,0.09803921568627451,167.41830065359477,28.796261984592626,7.565249954016312e-11,1.2470460408072051e-9,3.6477605890333323e-10,Cdc20/Aurkb/Ccnb1/Plk1/Bub1,5
GO:0071174,mitotic spindle checkpoint signaling,5/15,51/25615,0.09803921568627451,167.41830065359477,28.796261984592626,7.565249954016312e-11,1.2470460408072051e-9,3.6477605890333323e-10,Cdc20/Aurkb/Ccnb1/Plk1/Bub1,5
GO:0031577,spindle checkpoint signaling,5/15,52/25615,0.09615384615384616,164.19871794871793,28.51522836435356,8.367337184656458e-11,1.2755561424142998e-9,3.7311560865759726e-10,Cdc20/Aurkb/Ccnb1/Plk1/Bub1,5
GO:0007052,mitotic spindle organization,6/15,133/25615,0.045112781954887216,77.03759398496241,21.281477710191695,8.423367892813437e-11,1.2755561424142998e-9,3.7311560865759726e-10,Cdc20/Aurkb/Ccnb1/Kif11/Plk1/Tpx2,6
GO:0033046,negative regulation of sister chromatid segregation,5/15,53/25615,0.09433962264150944,161.1006289308176,28.242159862903772,9.23592510162996e-11,1.2755561424142998e-9,3.7311560865759726e-10,Cdc20/Aurkb/Ccnb1/Plk1/Bub1,5
GO:0033048,negative regulation of mitotic sister chromatid segregation,5/15,53/25615,0.09433962264150944,161.1006289308176,28.242159862903772,9.23592510162996e-11,1.2755561424142998e-9,3.7311560865759726e-10,Cdc20/Aurkb/Ccnb1/Plk1/Bub1,5
GO:0045841,negative regulation of mitotic metaphase/anaphase transition,5/15,53/25615,0.09433962264150944,161.1006289308176,28.242159862903772,9.23592510162996e-11,1.2755561424142998e-9,3.7311560865759726e-10,Cdc20/Aurkb/Ccnb1/Plk1/Bub1,5
GO:2000816,negative regulation of mitotic sister chromatid separation,5/15,53/25615,0.09433962264150944,161.1006289308176,28.242159862903772,9.23592510162996e-11,1.2755561424142998e-9,3.7311560865759726e-10,Cdc20/Aurkb/Ccnb1/Plk1/Bub1,5
GO:1902100,negative regulation of metaphase/anaphase transition of cell cycle,5/15,55/25615,0.09090909090909091,155.24242424242425,27.718460901847685,1.1188909381035204e-10,1.466034024027946e-9,4.288326942259106e-10,Cdc20/Aurkb/Ccnb1/Plk1/Bub1,5
GO:1905819,negative regulation of chromosome separation,5/15,55/25615,0.09090909090909091,155.24242424242425,27.718460901847685,1.1188909381035204e-10,1.466034024027946e-9,4.288326942259106e-10,Cdc20/Aurkb/Ccnb1/Plk1/Bub1,5
GO:0051225,spindle assembly,6/15,140/25615,0.04285714285714286,73.1857142857143,20.73110871906091,1.1501164135416461e-10,1.469273718299453e-9,4.2978034400766774e-10,Cdc20/Aurkb/Kif11/Ccnb2/Plk1/Tpx2,6
GO:0051985,negative regulation of chromosome segregation,5/15,57/25615,0.08771929824561403,149.7953216374269,27.222475831907722,1.3458420547869408e-10,1.66005206854907e-9,4.855853202883261e-10,Cdc20/Aurkb/Ccnb1/Plk1/Bub1,5
GO:0007093,mitotic cell cycle checkpoint signaling,6/15,144/25615,0.041666666666666664,71.15277777777779,20.43466251864522,1.3644263577115644e-10,1.66005206854907e-9,4.855853202883261e-10,Cdc20/Aurkb/Ccnb1/Plk1/Cdk1/Bub1,6
GO:0000086,G2/M transition of mitotic cell cycle,6/15,149/25615,0.040268456375838924,68.76510067114094,20.080901420501753,1.6780046796659107e-10,1.9940939332773963e-9,5.832966083538784e-10,Cdc20/Aurkb/Ccnb1/Plk1/Cdk1/Cenpf,6
GO:0045839,negative regulation of mitotic nuclear division,5/15,63/25615,0.07936507936507936,135.52910052910053,25.87845910140883,2.254836591584607e-10,2.6186852234084866e-9,7.659971196292206e-10,Cdc20/Aurkb/Ccnb1/Plk1/Bub1,5
GO:0051784,negative regulation of nuclear division,5/15,74/25615,0.06756756756756757,115.38288288288288,23.85186260592778,5.149156581670923e-10,5.8471533627418706e-9,1.7103631218649615e-9,Cdc20/Aurkb/Ccnb1/Plk1/Bub1,5
GO:1901970,positive regulation of mitotic sister chromatid separation,4/15,22/25615,0.18181818181818182,310.4848484848485,35.15235970067048,5.533444968288521e-10,6.146935606077031e-9,1.7980530560571394e-9,Cdc20/Aurkb/Plk1/Ube2c,4
GO:1901991,negative regulation of mitotic cell cycle phase transition,6/15,184/25615,0.03260869565217391,55.684782608695656,18.020134659252857,6.004666497166289e-10,6.528477829897816e-9,1.9096587740148107e-9,Cdc20/Aurkb/Ccnb1/Plk1/Cdk1/Bub1,6
GO:0090307,mitotic spindle assembly,5/15,77/25615,0.06493506493506493,110.88744588744589,23.37568519700668,6.309399944902587e-10,6.716882024677546e-9,1.9647692810880863e-9,Cdc20/Aurkb/Kif11/Plk1/Tpx2,5
GO:0000075,cell cycle checkpoint signaling,6/15,195/25615,0.03076923076923077,52.54358974358975,17.48914359952216,8.518824639757433e-10,8.883917124318465e-9,2.598653273567251e-9,Cdc20/Aurkb/Ccnb1/Plk1/Cdk1/Bub1,6
GO:2001251,negative regulation of chromosome organization,5/15,96/25615,0.052083333333333336,88.94097222222221,20.89581923555383,1.939861180447288e-9,1.9825381264171282e-8,5.799163949968734e-9,Cdc20/Aurkb/Ccnb1/Plk1/Bub1,5
GO:1901992,positive regulation of mitotic cell cycle phase transition,5/15,102/25615,0.049019607843137254,83.70915032679738,20.25989686231489,2.6382141496258482e-9,2.6433871185466833e-8,7.732227229037572e-9,Cdc20/Ccnb1/Plk1/Cdk1/Ube2c,5
GO:0045930,negative regulation of mitotic cell cycle,6/15,240/25615,0.025,42.69166666666667,15.707830335660944,2.964076492586484e-9,2.9127751686763333e-8,8.520219877475318e-9,Cdc20/Aurkb/Ccnb1/Plk1/Cdk1/Bub1,6
GO:1905820,positive regulation of chromosome separation,4/15,33/25615,0.12121212121212122,206.989898989899,28.661571359720124,3.083716535512165e-9,2.973168206880597e-8,8.696876823092898e-9,Cdc20/Aurkb/Plk1/Ube2c,4
GO:0010389,regulation of G2/M transition of mitotic cell cycle,5/15,111/25615,0.04504504504504504,76.92192192192192,19.403893508492967,4.047638903173467e-9,3.830265702817855e-8,1.1203990726133183e-8,Aurkb/Ccnb1/Plk1/Cdk1/Cenpf,5
GO:1901988,negative regulation of cell cycle phase transition,6/15,264/25615,0.022727272727272728,38.81060606060606,14.947976414420308,5.243096450782565e-9,4.8713132479088925e-8,1.42491807849019e-8,Cdc20/Aurkb/Ccnb1/Plk1/Cdk1/Bub1,6
GO:1901989,positive regulation of cell cycle phase transition,5/15,120/25615,0.041666666666666664,71.15277777777777,18.645427120411018,6.001097629536158e-9,5.476001586951744e-8,1.60179673570326e-8,Cdc20/Ccnb1/Plk1/Cdk1/Ube2c,5
GO:1902749,regulation of cell cycle G2/M phase transition,5/15,124/25615,0.04032258064516129,68.85752688172043,18.334952237874344,7.080483565905284e-9,6.347591407329124e-8,1.856747306294645e-8,Aurkb/Ccnb1/Plk1/Cdk1/Cenpf,5
GO:0045931,positive regulation of mitotic cell cycle,5/15,138/25615,0.036231884057971016,61.8719806763285,17.35590172546759,1.2133945645916474e-8,1.0690424525971238e-7,3.1270785512162234e-8,Cdc20/Ccnb1/Plk1/Cdk1/Ube2c,5
GO:0030261,chromosome condensation,4/15,47/25615,0.0851063829787234,145.33333333333331,23.973505407859545,1.3376965576042959e-8,1.1585812558233815e-7,3.388990386794112e-8,Ccnb1/Top2a/Cdk1/Nusap1,4
GO:0010948,negative regulation of cell cycle process,6/15,310/25615,0.01935483870967742,33.05161290322581,13.743328095326191,1.3670288608812961e-8,1.164252913183904e-7,3.4055806709674394e-8,Cdc20/Aurkb/Ccnb1/Plk1/Cdk1/Bub1,6
GO:0045840,positive regulation of mitotic nuclear division,4/15,50/25615,0.08,136.61333333333334,23.234259949610465,1.7254159171768598e-8,1.4453893994711072e-7,4.227938916982124e-8,Cdc20/Plk1/Ube2c/Nusap1,4
GO:0061982,meiosis I cell cycle process,5/15,151/25615,0.033112582781456956,56.545253863134654,16.57053255553862,1.9072817405378735e-8,1.5719693055078282e-7,4.598200461059049e-8,Cdc20/Pttg1/Ccnb2/Plk1/Top2a,5
GO:0051321,meiotic cell cycle,6/15,370/25615,0.016216216216216217,27.691891891891892,12.518632235141903,3.911461352967446e-8,3.172629764073595e-7,9.28032601706562e-8,Cdc20/Pttg1/Ccnb2/Plk1/Top2a/Mki67,6
GO:0045786,negative regulation of cell cycle,6/15,386/25615,0.015544041450777202,26.544041450777204,12.240455903727899,5.026598225873822e-8,4.01342452097113e-7,1.1739752435428991e-7,Cdc20/Aurkb/Ccnb1/Plk1/Cdk1/Bub1,6
GO:0010639,negative regulation of organelle organization,6/15,388/25615,0.015463917525773196,26.40721649484536,12.206874986626765,5.1827951589203345e-8,4.074474348012755e-7,1.1918330567881579e-7,Cdc20/Aurkb/Ccnb1/Plk1/Tpx2/Bub1,6
GO:0051785,positive regulation of nuclear division,4/15,70/25615,0.05714285714285714,97.58095238095238,19.586277332053324,6.822309997338757e-8,5.282121831272885e-7,1.545084560800803e-7,Cdc20/Plk1/Ube2c/Nusap1,4
GO:0045842,positive regulation of mitotic metaphase/anaphase transition,3/15,18/25615,0.16666666666666666,284.61111111111114,29.1359584499197,1.3186541687280215e-7,1.0050533386657826e-6,2.939902648893627e-7,Cdc20/Plk1/Ube2c,3
GO:0140013,meiotic nuclear division,5/15,223/25615,0.02242152466367713,38.28849028400598,13.537645161868726,1.337448669848791e-7,1.0050533386657826e-6,2.939902648893627e-7,Cdc20/Pttg1/Ccnb2/Plk1/Top2a,5
GO:1902101,positive regulation of metaphase/anaphase transition of cell cycle,3/15,19/25615,0.15789473684210525,269.63157894736844,28.35385825662646,1.565351506771255e-7,1.1592675651595817e-6,3.390997924660842e-7,Cdc20/Plk1/Ube2c,3
GO:0140694,membraneless organelle assembly,6/15,488/25615,0.012295081967213115,20.99590163934426,10.79555395641073,2.0059481084055376e-7,1.4643421191360423e-6,4.2833779156930277e-7,Cdc20/Aurkb/Kif11/Ccnb2/Plk1/Tpx2,6
GO:0051988,regulation of attachment of spindle microtubules to kinetochore,3/15,21/25615,0.14285714285714285,243.95238095238096,26.960383996911634,2.147011776206357e-7,1.5452436868189414e-6,4.5200247920133827e-7,Aurkb/Ccnb1/Cdk1,3
GO:1903046,meiotic cell cycle process,5/15,256/25615,0.01953125,33.35286458333333,12.593052392921498,2.6534111227618883e-7,1.883184838515729e-6,5.508543558950119e-7,Cdc20/Pttg1/Ccnb2/Plk1/Top2a,5
GO:0051310,metaphase chromosome alignment,4/15,106/25615,0.03773584905660377,64.44025157232704,15.84292848139087,3.650775885811767e-7,2.555543120068237e-6,7.475272902455241e-7,Aurkb/Ccnb1/Cdk1/Cenpf,4
GO:0045132,meiotic chromosome segregation,4/15,111/25615,0.036036036036036036,61.53753753753754,15.471999416094842,4.3937738754861096e-7,3.0340789869910837e-6,8.875048226444203e-7,Pttg1/Ccnb2/Plk1/Top2a,4
GO:0007064,mitotic sister chromatid cohesion,3/15,30/25615,0.1,170.76666666666668,22.520845314710375,6.53333386662452e-7,4.4513781411268394e-6,1.302081977629027e-6,Cdc20/Pttg1/Bub1,3
GO:0051984,positive regulation of chromosome segregation,3/15,31/25615,0.0967741935483871,165.25806451612905,22.150711175198204,7.230791614183413e-7,4.861755940589111e-6,1.4221224504349648e-6,Aurkb/Ccnb1/Cdk1,3
GO:0050000,chromosome localization,4/15,128/25615,0.03125,53.36458333333333,14.376316554353721,7.780786258551175e-7,5.163612698856689e-6,1.5104192053510141e-6,Aurkb/Ccnb1/Cdk1/Cenpf,4
GO:0007127,meiosis I,4/15,140/25615,0.02857142857142857,48.79047619047619,13.72500871459168,1.113464863341426e-6,7.294622373941906e-6,2.1337653251617068e-6,Pttg1/Ccnb2/Plk1/Top2a,4
GO:0007143,female meiotic nuclear division,3/15,50/25615,0.06,102.46000000000001,17.382863148811406,3.1319245355938923e-6,2.0258397945423784e-5,5.925826569677983e-6,Ccnb2/Plk1/Top2a,3
GO:0007292,female gamete generation,4/15,189/25615,0.021164021164021163,36.1410934744268,11.737389086798961,3.6776786130560395e-6,2.3491172140895453e-5,6.8714521454468104e-6,Ccnb1/Ccnb2/Plk1/Top2a,4
GO:0008608,attachment of spindle microtubules to kinetochore,3/15,53/25615,0.05660377358490566,96.66037735849058,16.874734896086046,3.7393427638623364e-6,2.3590174720168566e-5,6.900411598030562e-6,Aurkb/Ccnb1/Cdk1,3
GO:0022411,cellular component disassembly,5/15,472/25615,0.01059322033898305,18.089689265536723,9.071121151361744,5.362349590793233e-6,3.3416593181650514e-5,9.774757919032593e-6,Aurkb/Plk1/Top2a/Tpx2/Cdk1,5
GO:0007062,sister chromatid cohesion,3/15,61/25615,0.04918032786885246,83.98360655737704,15.706959631368203,5.728717215628806e-6,3.526957225525687e-5,1.0316776723136212e-5,Cdc20/Pttg1/Bub1,3
GO:0007080,mitotic metaphase chromosome alignment,3/15,63/25615,0.047619047619047616,81.31746031746033,15.450130148642572,6.3165647215849136e-6,3.842576872297489e-5,1.1240002386780173e-5,Aurkb/Ccnb1/Cdk1,3
GO:0010972,negative regulation of G2/M transition of mitotic cell cycle,3/15,75/25615,0.04,68.30666666666667,14.13001482624204,1.0695526158166063e-5,6.429898666850421e-5,1.8808231758013385e-5,Aurkb/Plk1/Cdk1,3
GO:1902750,negative regulation of cell cycle G2/M phase transition,3/15,77/25615,0.03896103896103896,66.53246753246754,13.940321561309766,1.1578343986254603e-5,6.879690438344305e-5,2.0123927124212407e-5,Aurkb/Plk1/Cdk1,3
GO:1902423,regulation of attachment of mitotic spindle microtubules to kinetochore,2/15,10/25615,0.2,341.5333333333333,26.071234077784,1.4364293841470467e-5,8.436958796541849e-5,2.4679125535254764e-5,Aurkb/Cdk1,2
GO:0051081,nuclear membrane disassembly,2/15,11/25615,0.18181818181818182,310.4848484848485,24.851131922094368,1.7550419217688673e-5,1.019120934118058e-4,2.9810520680763056e-5,Plk1/Cdk1,2
GO:0000281,mitotic cytokinesis,3/15,93/25615,0.03225806451612903,55.08602150537635,12.64833932222846,2.0424400599405752e-5,1.1568038692669923e-4,3.383791316014274e-5,Aurkb/Plk1/Nusap1,3
GO:0030397,membrane disassembly,2/15,12/25615,0.16666666666666666,284.61111111111114,23.786622798203638,2.1053377659849374e-5,1.1568038692669923e-4,3.383791316014274e-5,Plk1/Cdk1,2
GO:0051231,spindle elongation,2/15,12/25615,0.16666666666666666,284.61111111111114,23.786622798203638,2.1053377659849374e-5,1.1568038692669923e-4,3.383791316014274e-5,Aurkb/Kif11,2
GO:0051987,positive regulation of attachment of spindle microtubules to kinetochore,2/15,12/25615,0.16666666666666666,284.61111111111114,23.786622798203638,2.1053377659849374e-5,1.1568038692669923e-4,3.383791316014274e-5,Aurkb/Ccnb1,2
GO:0055015,ventricular cardiac muscle cell development,2/15,12/25615,0.16666666666666666,284.61111111111114,23.786622798203638,2.1053377659849374e-5,1.1568038692669923e-4,3.383791316014274e-5,Ccnb1/Cdk1,2
GO:2000060,positive regulation of ubiquitin-dependent protein catabolic process,3/15,102/25615,0.029411764705882353,50.22549019607844,12.057956712515278,2.6939155596103456e-5,1.4644583520860495e-4,4.283717911138511e-5,Cdc20/Plk1/Cdk1,3
GO:0090235,regulation of metaphase plate congression,2/15,15/25615,0.13333333333333333,227.6888888888889,21.25789365559837,3.34600262125026e-5,1.7973513793827776e-4,5.2574703032723124e-5,Aurkb/Cdk1,2
GO:2001252,positive regulation of chromosome organization,3/15,110/25615,0.02727272727272727,46.57272727272728,11.594527302258879,3.3766288144960205e-5,1.7973513793827776e-4,5.2574703032723124e-5,Aurkb/Cdk1/Bub1,3
GO:0034501,protein localization to kinetochore,2/15,16/25615,0.125,213.45833333333331,20.577215737595658,3.822709288362487e-5,2.013819016859001e-4,5.890664340178763e-5,Aurkb/Cdk1,2
GO:0051299,centrosome separation,2/15,17/25615,0.11764705882352941,200.9019607843137,19.957348760182068,4.3309381737505526e-5,2.2354640472591237e-4,6.539002877964683e-5,Kif11/Plk1,2
GO:1903083,protein localization to condensed chromosome,2/15,17/25615,0.11764705882352941,200.9019607843137,19.957348760182068,4.3309381737505526e-5,2.2354640472591237e-4,6.539002877964683e-5,Aurkb/Cdk1,2
GO:0061640,cytoskeleton-dependent cytokinesis,3/15,120/25615,0.025,42.69166666666667,11.080943007335142,4.378475605887675e-5,2.237401034608602e-4,6.544668800379472e-5,Aurkb/Plk1/Nusap1,3
GO:0034502,protein localization to chromosome,3/15,122/25615,0.02459016393442623,41.99180327868852,10.98577792699107,4.5997435637039693e-5,2.3271969911413151e-4,6.807332840499882e-5,Aurkb/Plk1/Cdk1,3
GO:0044771,meiotic cell cycle phase transition,2/15,18/25615,0.1111111111111111,189.74074074074073,19.38972827434421,4.870657127758451e-5,2.4401037179260475e-4,7.1375986805129e-5,Cdc20/Ccnb2,2
GO:0055012,ventricular cardiac muscle cell differentiation,2/15,19/25615,0.10526315789473684,179.75438596491227,18.867389092004114,5.441834023369147e-5,2.6997836756714895e-4,7.897193983836676e-5,Ccnb1/Cdk1,2
GO:0090266,regulation of mitotic cell cycle spindle assembly checkpoint,2/15,24/25615,0.08333333333333333,142.30555555555557,16.764305974468,8.768464762955e-5,4.267319517971433e-4,1.248242602846727e-4,Aurkb/Ccnb1,2
GO:1903504,regulation of mitotic spindle checkpoint,2/15,24/25615,0.08333333333333333,142.30555555555557,16.764305974468,8.768464762955e-5,4.267319517971433e-4,1.248242602846727e-4,Aurkb/Ccnb1,2
GO:0031145,anaphase-promoting complex-dependent catabolic process,2/15,25/25615,0.08,136.61333333333334,16.421075647567637,9.527715906967859e-5,4.5080211374634967e-4,1.3186507395608537e-4,Cdc20/Ube2c,2
GO:0051315,attachment of mitotic spindle microtubules to kinetochore,2/15,25/25615,0.08,136.61333333333334,16.421075647567637,9.527715906967859e-5,4.5080211374634967e-4,1.3186507395608537e-4,Aurkb/Cdk1,2
GO:0090231,regulation of spindle checkpoint,2/15,25/25615,0.08,136.61333333333334,16.421075647567637,9.527715906967859e-5,4.5080211374634967e-4,1.3186507395608537e-4,Aurkb/Ccnb1,2
GO:0031109,microtubule polymerization or depolymerization,3/15,157/25615,0.01910828025477707,32.63057324840764,9.622969236422806,9.736779504008095e-5,4.564673694080859e-4,1.335222297990487e-4,Aurkb/Tpx2/Cdk1,3
GO:1990166,protein localization to site of double-strand break,2/15,26/25615,0.07692307692307693,131.35897435897436,16.097754547880605,1.0318200736263859e-4,4.7932732511189383e-4,1.4020904349755674e-4,Plk1/Cdk1,2
GO:0071459,"protein localization to chromosome, centromeric region",2/15,27/25615,0.07407407407407407,126.49382716049382,15.792483238271481,1.1139887304470372e-4,5.128362533859783e-4,1.5001081054858158e-4,Aurkb/Cdk1,2
GO:0070507,regulation of microtubule cytoskeleton organization,3/15,169/25615,0.01775147928994083,30.31360946745562,9.254804263644234,1.2109828790379171e-4,5.525109385610497e-4,1.6161613611220322e-4,Aurkb/Plk1/Tpx2,3
GO:0010971,positive regulation of G2/M transition of mitotic cell cycle,2/15,31/25615,0.06451612903225806,110.17204301075269,14.722189746123812,1.4738012826960022e-4,6.606249609277695e-4,1.932407960690972e-4,Ccnb1/Cdk1,2
GO:0060045,positive regulation of cardiac muscle cell proliferation,2/15,31/25615,0.06451612903225806,110.17204301075269,14.722189746123812,1.4738012826960022e-4,6.606249609277695e-4,1.932407960690972e-4,Ccnb1/Cdk1,2
GO:2000058,regulation of ubiquitin-dependent protein catabolic process,3/15,182/25615,0.016483516483516484,28.14835164835165,8.897023009234779,1.5075133745557034e-4,6.698602907808386e-4,1.959422418186818e-4,Cdc20/Plk1/Cdk1,3
GO:0000910,cytokinesis,3/15,184/25615,0.016304347826086956,27.842391304347828,8.845303625725487,1.5569451842790987e-4,6.858611975574306e-4,2.0062270069658077e-4,Aurkb/Plk1/Nusap1,3
GO:1902275,regulation of chromatin organization,2/15,33/25615,0.06060606060606061,103.4949494949495,14.261215347770317,1.672345707015014e-4,7.304005609270702e-4,2.136510035052919e-4,Cdk1/Mki67,2
GO:1902751,positive regulation of cell cycle G2/M phase transition,2/15,34/25615,0.058823529411764705,100.45098039215685,14.046047020035616,1.7762663202544813e-4,7.692136352966439e-4,2.250042974809423e-4,Ccnb1/Cdk1,2
GO:1902410,mitotic cytokinetic process,2/15,37/25615,0.05405405405405406,92.30630630630631,13.453419803461408,2.1065836511478483e-4,9.045918031399583e-4,2.6460404994515206e-4,Aurkb/Plk1,2
GO:0071763,nuclear membrane organization,2/15,40/25615,0.05,85.38333333333333,12.92835297705126,2.464667626669543e-4,0.0010495376310234472,3.070024587605922e-4,Plk1/Cdk1,2
GO:0007095,mitotic G2 DNA damage checkpoint signaling,2/15,41/25615,0.04878048780487805,83.30081300813009,12.766183210895813,2.5901845399528334e-4,0.0010849051638654901,3.173478901408993e-4,Plk1/Cdk1,2
GO:0040001,establishment of mitotic spindle localization,2/15,41/25615,0.04878048780487805,83.30081300813009,12.766183210895813,2.5901845399528334e-4,0.0010849051638654901,3.173478901408993e-4,Plk1/Nusap1,2
GO:0060236,regulation of mitotic spindle organization,2/15,42/25615,0.047619047619047616,81.31746031746032,12.609797802394793,2.7187739771134293e-4,0.0011295069124430588,3.303944413779263e-4,Plk1/Tpx2,2
GO:0045732,positive regulation of protein catabolic process,3/15,223/25615,0.013452914798206279,22.97309417040359,7.977366466746984,2.741709421847917e-4,0.001129849608519585,3.3049468412767755e-4,Cdc20/Plk1/Cdk1,3
GO:0000082,G1/S transition of mitotic cell cycle,3/15,227/25615,0.013215859030837005,22.568281938325992,7.900936751230938,2.8885279735251895e-4,0.0011808302355770974,3.4540713451838053e-4,Ccnb1/Ccnb2/Cdk1,3
GO:0031114,regulation of microtubule depolymerization,2/15,45/25615,0.044444444444444446,75.8962962962963,12.172102034299987,3.1229458554529006e-4,0.0012665280413781208,3.704747798448721e-4,Aurkb/Tpx2,2
GO:0090224,regulation of spindle organization,2/15,46/25615,0.043478260869565216,74.2463768115942,12.035732882512221,3.2637938228695916e-4,0.0013132272783357175,3.8413487181722497e-4,Plk1/Tpx2,2
GO:1901976,regulation of cell cycle checkpoint,2/15,48/25615,0.041666666666666664,71.15277777777779,11.775787351191829,3.554656867289815e-4,0.0014190856712383557,4.1509973285785664e-4,Aurkb/Ccnb1,2
GO:0055023,positive regulation of cardiac muscle tissue growth,2/15,49/25615,0.04081632653061224,69.70068027210884,11.651773524051,3.704665651296612e-4,0.0014675070913275725,4.292635842383671e-4,Ccnb1/Cdk1,2
GO:0044843,cell cycle G1/S phase transition,3/15,252/25615,0.011904761904761904,20.329365079365083,7.464176456821056,3.92239620857768e-4,0.0015418034327563032,4.5099616325346603e-4,Ccnb1/Ccnb2/Cdk1,3
GO:0032506,cytokinetic process,2/15,51/25615,0.0392156862745098,66.96732026143792,11.414683536662217,4.013822027093249e-4,0.0015656969891943895,4.5798531767556554e-4,Aurkb/Plk1,2
GO:0060421,positive regulation of heart growth,2/15,52/25615,0.038461538461538464,65.67948717948718,11.301255123780487,4.172963339226195e-4,0.0016154426260186253,4.725365184769694e-4,Ccnb1/Cdk1,2
GO:0060043,regulation of cardiac muscle cell proliferation,2/15,54/25615,0.037037037037037035,63.24691358024691,11.083837033020815,4.500356529471793e-4,0.0017290843507970573,5.057780982865015e-4,Ccnb1/Cdk1,2
GO:0071168,protein localization to chromatin,2/15,57/25615,0.03508771929824561,59.91812865497076,10.779218833771038,5.014175748862955e-4,0.001912122244529082,5.593188973594183e-4,Aurkb/Plk1,2
GO:0044818,mitotic G2/M transition checkpoint,2/15,59/25615,0.03389830508474576,57.88700564971751,10.589049782135046,5.37183836211366e-4,0.0020183892669412354,5.904032874768883e-4,Plk1/Cdk1,2
GO:0051293,establishment of spindle localization,2/15,59/25615,0.03389830508474576,57.88700564971751,10.589049782135046,5.37183836211366e-4,0.0020183892669412354,5.904032874768883e-4,Plk1/Nusap1,2
GO:0006998,nuclear envelope organization,2/15,60/25615,0.03333333333333333,56.922222222222224,10.497513769475129,5.555195239223106e-4,0.002072047275359859,6.060989043178493e-4,Plk1/Cdk1,2
GO:0032886,regulation of microtubule-based process,3/15,285/25615,0.010526315789473684,17.97543859649123,6.975738448443277,5.616167073843567e-4,0.0020796096918362776,6.083110026588761e-4,Aurkb/Plk1/Tpx2,3
GO:0051653,spindle localization,2/15,64/25615,0.03125,53.36458333333333,10.152851584441231,6.318720471714719e-4,0.002322925295716706,6.794837614414919e-4,Plk1/Nusap1,2
GO:0007019,microtubule depolymerization,2/15,65/25615,0.03076923076923077,52.54358974358975,10.07164100165295,6.517110644530429e-4,0.0023460500287025574,6.862480256993783e-4,Aurkb/Tpx2,2
GO:0046622,positive regulation of organ growth,2/15,65/25615,0.03076923076923077,52.54358974358975,10.07164100165295,6.517110644530429e-4,0.0023460500287025574,6.862480256993783e-4,Ccnb1/Cdk1,2
GO:0051258,protein polymerization,3/15,300/25615,0.01,17.076666666666668,6.780036285957736,6.519356244144094e-4,0.0023460500287025574,6.862480256993783e-4,Tpx2/Cdk1/Ube2c,3
GO:0060038,cardiac muscle cell proliferation,2/15,69/25615,0.028985507246376812,49.4975845410628,9.764444689078179,7.340613561964949e-4,0.002623114356758104,7.672926947361227e-4,Ccnb1/Cdk1,2
GO:0031146,SCF-dependent proteasomal ubiquitin-dependent protein catabolic process,2/15,72/25615,0.027777777777777776,47.43518518518518,9.550845678974284,7.989593255314267e-4,0.002815642864459028,8.23609613251997e-4,Cdc20/Ube2c,2
GO:0099024,plasma membrane invagination,2/15,72/25615,0.027777777777777776,47.43518518518518,9.550845678974284,7.989593255314267e-4,0.002815642864459028,8.23609613251997e-4,Aurkb/Plk1,2
GO:0044773,mitotic DNA damage checkpoint signaling,2/15,75/25615,0.02666666666666667,45.53777777777778,9.350031601543284,8.665353671376048e-4,0.0030328737849816168,8.871522864710877e-4,Plk1/Cdk1,2
GO:0042775,mitochondrial ATP synthesis coupled electron transport,2/15,76/25615,0.02631578947368421,44.93859649122807,9.285715681358791,8.896543999432561e-4,0.0030926081521837,9.046253117933572e-4,Ccnb1/Cdk1,2
GO:0042773,ATP synthesis coupled electron transport,2/15,78/25615,0.02564102564102564,43.78632478632478,9.16076402368673,9.367811434733442e-4,0.003212719223589791,9.397592537846336e-4,Ccnb1/Cdk1,2
GO:0045143,homologous chromosome segregation,2/15,78/25615,0.02564102564102564,43.78632478632478,9.16076402368673,9.367811434733442e-4,0.003212719223589791,9.397592537846336e-4,Pttg1/Plk1,2
GO:0010324,membrane invagination,2/15,80/25615,0.025,42.69166666666666,9.040462908743814,9.85090737716445e-4,0.003311719519559891,9.687180384746204e-4,Aurkb/Plk1,2
GO:0032436,positive regulation of proteasomal ubiquitin-dependent protein catabolic process,2/15,80/25615,0.025,42.69166666666666,9.040462908743814,9.85090737716445e-4,0.003311719519559891,9.687180384746204e-4,Cdc20/Plk1,2
GO:0044774,mitotic DNA integrity checkpoint signaling,2/15,80/25615,0.025,42.69166666666666,9.040462908743814,9.85090737716445e-4,0.003311719519559891,9.687180384746204e-4,Plk1/Cdk1,2
GO:0055021,regulation of cardiac muscle tissue growth,2/15,87/25615,0.022988505747126436,39.25670498084291,8.652132109218085,0.0011634537712986823,0.0038857835106772985,0.0011366387032983342,Ccnb1/Cdk1,2
GO:0032465,regulation of cytokinesis,2/15,91/25615,0.02197802197802198,37.53113553113553,8.450333510525876,0.0012718271730577442,0.004220153801509788,0.001234446059974024,Aurkb/Plk1,2
GO:0014855,striated muscle cell proliferation,2/15,93/25615,0.021505376344086023,36.72401433691756,8.354274222972238,0.0013277654719482956,0.004377342943003736,0.0012804257861912254,Ccnb1/Cdk1,2
GO:0060420,regulation of heart growth,2/15,94/25615,0.02127659574468085,36.33333333333333,8.307379357870934,0.0013561714536495368,0.004442330851377649,0.0012994355358855211,Ccnb1/Cdk1,2
GO:0031110,regulation of microtubule polymerization or depolymerization,2/15,103/25615,0.019417475728155338,33.15857605177993,7.916031598150146,0.0016248755256339504,0.005288607602541074,0.0015469817273886753,Aurkb/Tpx2,2
GO:1901879,regulation of protein depolymerization,2/15,104/25615,0.019230769230769232,32.83974358974359,7.8756578316304955,0.001656175998357022,0.005356366678230621,0.0015668020770599408,Aurkb/Tpx2,2
GO:0046785,microtubule polymerization,2/15,108/25615,0.018518518518518517,31.623456790123456,7.719705783009448,0.001784252699730837,0.005734296412342501,0.0016773510980587808,Tpx2/Cdk1,2
GO:0051338,regulation of transferase activity,3/15,428/25615,0.007009345794392523,11.9696261682243,5.539745845670382,0.0018150531570629454,0.005796826020369782,0.0016956417651509095,Cdc20/Ccnb1/Tpx2,3
GO:0042176,regulation of protein catabolic process,3/15,430/25615,0.0069767441860465115,11.913953488372092,5.524712697896494,0.0018393798901756896,0.005835530773962348,0.0017069633739883684,Cdc20/Plk1/Cdk1,3
GO:1901800,positive regulation of proteasomal protein catabolic process,2/15,110/25615,0.01818181818181818,31.04848484848485,7.644878830321102,0.001850011713076126,0.005835530773962348,0.0017069633739883684,Cdc20/Plk1,2
GO:0016579,protein deubiquitination,2/15,114/25615,0.017543859649122806,29.95906432748538,7.501060963499102,0.0019849590212019873,0.006222785643154697,0.0018202401098526457,Cdc20/Cdk1,2
GO:0001934,positive regulation of protein phosphorylation,3/15,446/25615,0.006726457399103139,11.486547085201796,5.407933090117665,0.0020414094197190227,0.006360733009002565,0.0018605913838260668,Aurkb/Ccnb1/Tpx2,3
GO:0055013,cardiac muscle cell development,2/15,116/25615,0.017241379310344827,29.442528735632187,7.431902015252697,0.0020541425087276495,0.006361617102786842,0.001860849991957424,Ccnb1/Cdk1,2
GO:0043085,positive regulation of catalytic activity,3/15,449/25615,0.0066815144766146995,11.409799554565703,5.386700021210136,0.0020807735457916074,0.006405272782527177,0.0018736198066100715,Cdc20/Ccnb1/Tpx2,3
GO:0000077,DNA damage checkpoint signaling,2/15,121/25615,0.01652892561983471,28.225895316804408,7.266415276478983,0.002232069007364497,0.006749037057770758,0.001974175017413632,Plk1/Cdk1,2
GO:0022904,respiratory electron transport chain,2/15,121/25615,0.01652892561983471,28.225895316804408,7.266415276478983,0.002232069007364497,0.006749037057770758,0.001974175017413632,Ccnb1/Cdk1,2
GO:0055017,cardiac muscle tissue growth,2/15,121/25615,0.01652892561983471,28.225895316804408,7.266415276478983,0.002232069007364497,0.006749037057770758,0.001974175017413632,Ccnb1/Cdk1,2
GO:0055006,cardiac cell development,2/15,125/25615,0.016,27.322666666666667,7.141086971888764,0.002379500191552927,0.007152497634609092,0.0020921921188886412,Ccnb1/Cdk1,2
GO:0042752,regulation of circadian rhythm,2/15,127/25615,0.015748031496062992,26.89238845144357,7.0806062586659095,0.0024549058836191213,0.0072562501504950146,0.002122540985416195,Top2a/Cdk1,2
GO:0046620,regulation of organ growth,2/15,127/25615,0.015748031496062992,26.89238845144357,7.0806062586659095,0.0024549058836191213,0.0072562501504950146,0.002122540985416195,Ccnb1/Cdk1,2
GO:0042327,positive regulation of phosphorylation,3/15,476/25615,0.0063025210084033615,10.762605042016807,5.2042667252429755,0.002456616978543322,0.0072562501504950146,0.002122540985416195,Aurkb/Ccnb1/Tpx2,3
GO:0022900,electron transport chain,2/15,129/25615,0.015503875968992248,26.475452196382427,7.021505927722526,0.002531435134907795,0.007391790593930761,0.002162188205455079,Ccnb1/Cdk1,2
GO:0031570,DNA integrity checkpoint signaling,2/15,129/25615,0.015503875968992248,26.475452196382427,7.021505927722526,0.002531435134907795,0.007391790593930761,0.002162188205455079,Plk1/Cdk1,2
GO:0060419,heart growth,2/15,132/25615,0.015151515151515152,25.873737373737374,6.93532923077366,0.002648330488114982,0.007689186814924749,0.0022491801992364077,Ccnb1/Cdk1,2
GO:0014706,striated muscle tissue development,3/15,490/25615,0.006122448979591836,10.455102040816326,5.115352594679218,0.0026670998776313765,0.0076999324150826744,0.002252323417327716,Ccnb1/Cdk1/Cenpf,3
GO:0051261,protein depolymerization,2/15,137/25615,0.014598540145985401,24.929440389294403,6.797895885637291,0.0028487402568318086,0.008132437269503096,0.002378836321494365,Aurkb/Tpx2,2
GO:0070646,protein modification by small protein removal,2/15,137/25615,0.014598540145985401,24.929440389294403,6.797895885637291,0.0028487402568318086,0.008132437269503096,0.002378836321494365,Cdc20/Cdk1,2
GO:0032434,regulation of proteasomal ubiquitin-dependent protein catabolic process,2/15,138/25615,0.014492753623188406,24.7487922705314,6.771287876068306,0.002889657175669322,0.008203415648705687,0.002399598356403764,Cdc20/Plk1,2
GO:0007098,centrosome cycle,2/15,143/25615,0.013986013986013986,23.883449883449885,6.642358996040081,0.003098400368785421,0.008699354881589835,0.0025446665839648913,Kif11/Plk1,2
GO:0043244,regulation of protein-containing complex disassembly,2/15,143/25615,0.013986013986013986,23.883449883449885,6.642358996040081,0.003098400368785421,0.008699354881589835,0.0025446665839648913,Aurkb/Tpx2,2
GO:0006119,oxidative phosphorylation,2/15,147/25615,0.013605442176870748,23.233560090702948,6.543869121402706,0.0032703675877770347,0.009082379550837308,0.00265670593515068,Ccnb1/Cdk1,2
GO:0018105,peptidyl-serine phosphorylation,2/15,147/25615,0.013605442176870748,23.233560090702948,6.543869121402706,0.0032703675877770347,0.009082379550837308,0.00265670593515068,Plk1/Cdk1,2
GO:0018209,peptidyl-serine modification,2/15,149/25615,0.013422818791946308,22.921700223713646,6.496079793321339,0.0033580022927895766,0.009275346873597155,0.0027131512123819055,Plk1/Cdk1,2
GO:0031023,microtubule organizing center organization,2/15,157/25615,0.012738853503184714,21.75371549893843,6.313902824945155,0.0037194937962192563,0.010163964330845134,0.002973082572829352,Kif11/Plk1,2
GO:0043467,regulation of generation of precursor metabolites and energy,2/15,157/25615,0.012738853503184714,21.75371549893843,6.313902824945155,0.0037194937962192563,0.010163964330845134,0.002973082572829352,Ccnb1/Cdk1,2
GO:0055007,cardiac muscle cell differentiation,2/15,168/25615,0.011904761904761904,20.32936507936508,6.084407376929429,0.004244945413417126,0.011538122905617827,0.003375040586255497,Ccnb1/Cdk1,2
GO:0007224,smoothened signaling pathway,2/15,181/25615,0.011049723756906077,18.86924493554328,5.8398609331756495,0.004907849280687903,0.013269370277415442,0.003881451394361917,Pttg1/Cdk1,2
GO:0051302,regulation of cell division,2/15,185/25615,0.010810810810810811,18.46126126126126,5.769692185112528,0.005120863866821694,0.013772428610241505,0.0040286020448126346,Aurkb/Plk1,2
GO:0000022,mitotic spindle elongation,1/15,10/25615,0.1,170.76666666666665,12.997337035841221,0.005841560026560999,0.015075945321074095,0.004409896458116225,Aurkb,1
GO:0017085,response to insecticide,1/15,10/25615,0.1,170.76666666666665,12.997337035841221,0.005841560026560999,0.015075945321074095,0.004409896458116225,Ccnb1,1
GO:0034091,regulation of maintenance of sister chromatid cohesion,1/15,10/25615,0.1,170.76666666666665,12.997337035841221,0.005841560026560999,0.015075945321074095,0.004409896458116225,Bub1,1
GO:0039692,single stranded viral RNA replication via double stranded DNA intermediate,1/15,10/25615,0.1,170.76666666666665,12.997337035841221,0.005841560026560999,0.015075945321074095,0.004409896458116225,Top2a,1
GO:0051443,positive regulation of ubiquitin-protein transferase activity,1/15,10/25615,0.1,170.76666666666665,12.997337035841221,0.005841560026560999,0.015075945321074095,0.004409896458116225,Cdc20,1
GO:0071281,cellular response to iron ion,1/15,10/25615,0.1,170.76666666666665,12.997337035841221,0.005841560026560999,0.015075945321074095,0.004409896458116225,Ccnb1,1
GO:0120186,negative regulation of protein localization to chromatin,1/15,10/25615,0.1,170.76666666666665,12.997337035841221,0.005841560026560999,0.015075945321074095,0.004409896458116225,Aurkb,1
GO:1990705,cholangiocyte proliferation,1/15,10/25615,0.1,170.76666666666665,12.997337035841221,0.005841560026560999,0.015075945321074095,0.004409896458116225,Mki67,1
GO:0042770,signal transduction in response to DNA damage,2/15,200/25615,0.01,17.076666666666668,5.52497474888919,0.005957140384965876,0.015291816607110417,0.00447304142179355,Plk1/Cdk1,2
GO:0006997,nucleus organization,2/15,201/25615,0.009950248756218905,16.991708126036485,5.509608246458275,0.006014980700644215,0.015291816607110417,0.00447304142179355,Plk1/Cdk1,2
GO:0031396,regulation of protein ubiquitination,2/15,201/25615,0.009950248756218905,16.991708126036485,5.509608246458275,0.006014980700644215,0.015291816607110417,0.00447304142179355,Cdc20/Cdk1,2
GO:0045876,positive regulation of sister chromatid cohesion,1/15,11/25615,0.09090909090909091,155.24242424242425,12.385416771121154,0.006423960987294919,0.016170660416294107,0.00473011387189981,Bub1,1
GO:0090267,positive regulation of mitotic cell cycle spindle assembly checkpoint,1/15,11/25615,0.09090909090909091,155.24242424242425,12.385416771121154,0.006423960987294919,0.016170660416294107,0.00473011387189981,Aurkb,1
GO:0035051,cardiocyte differentiation,2/15,209/25615,0.009569377990430622,16.341307814992025,5.390533254224549,0.006487020382941174,0.016249350076877157,0.004753131549936257,Ccnb1/Cdk1,2
GO:0055002,striated muscle cell development,2/15,210/25615,0.009523809523809525,16.263492063492063,5.376111933913307,0.006547185772115319,0.016320058192931357,0.004773814529603981,Ccnb1/Cdk1,2
GO:0061136,regulation of proteasomal protein catabolic process,2/15,214/25615,0.009345794392523364,15.9595015576324,5.3194037144260715,0.006790413911686896,0.01684418208190293,0.004927127110166271,Cdc20/Plk1,2
GO:0007100,mitotic centrosome separation,1/15,12/25615,0.08333333333333333,142.30555555555557,11.851376118948279,0.007006043497261971,0.017048039176670794,0.004986757777499749,Kif11,1
GO:0033206,meiotic cytokinesis,1/15,12/25615,0.08333333333333333,142.30555555555557,11.851376118948279,0.007006043497261971,0.017048039176670794,0.004986757777499749,Plk1,1
GO:0051255,spindle midzone assembly,1/15,12/25615,0.08333333333333333,142.30555555555557,11.851376118948279,0.007006043497261971,0.017048039176670794,0.004986757777499749,Aurkb,1
GO:0090232,positive regulation of spindle checkpoint,1/15,12/25615,0.08333333333333333,142.30555555555557,11.851376118948279,0.007006043497261971,0.017048039176670794,0.004986757777499749,Aurkb,1
GO:0045860,positive regulation of protein kinase activity,2/15,221/25615,0.00904977375565611,15.453996983408748,5.223756065467883,0.007225901483754947,0.01749969506255345,0.005118872590138201,Ccnb1/Tpx2,2
GO:0048639,positive regulation of developmental growth,2/15,223/25615,0.008968609865470852,15.315396113602393,5.197227119186114,0.007352615507011957,0.017624407927171005,0.005155352612335529,Ccnb1/Cdk1,2
GO:0006213,pyrimidine nucleoside metabolic process,1/15,13/25615,0.07692307692307693,131.35897435897436,11.379941089471957,0.0075878077181558146,0.017624407927171005,0.005155352612335529,Cdk1,1
GO:0007056,spindle assembly involved in female meiosis,1/15,13/25615,0.07692307692307693,131.35897435897436,11.379941089471957,0.0075878077181558146,0.017624407927171005,0.005155352612335529,Ccnb2,1
GO:0034088,maintenance of mitotic sister chromatid cohesion,1/15,13/25615,0.07692307692307693,131.35897435897436,11.379941089471957,0.0075878077181558146,0.017624407927171005,0.005155352612335529,Bub1,1
GO:0061523,cilium disassembly,1/15,13/25615,0.07692307692307693,131.35897435897436,11.379941089471957,0.0075878077181558146,0.017624407927171005,0.005155352612335529,Cdk1,1
GO:0070601,centromeric sister chromatid cohesion,1/15,13/25615,0.07692307692307693,131.35897435897436,11.379941089471957,0.0075878077181558146,0.017624407927171005,0.005155352612335529,Bub1,1
GO:0072697,protein localization to cell cortex,1/15,13/25615,0.07692307692307693,131.35897435897436,11.379941089471957,0.0075878077181558146,0.017624407927171005,0.005155352612335529,Plk1,1
GO:1903490,positive regulation of mitotic cytokinesis,1/15,13/25615,0.07692307692307693,131.35897435897436,11.379941089471957,0.0075878077181558146,0.017624407927171005,0.005155352612335529,Aurkb,1
GO:1905634,regulation of protein localization to chromatin,1/15,13/25615,0.07692307692307693,131.35897435897436,11.379941089471957,0.0075878077181558146,0.017624407927171005,0.005155352612335529,Aurkb,1
GO:0033674,positive regulation of kinase activity,2/15,228/25615,0.008771929824561403,14.97953216374269,5.132378997393569,0.007673828723730061,0.017743558723194844,0.005190205662156078,Ccnb1/Tpx2,2
GO:0035265,organ growth,2/15,231/25615,0.008658008658008658,14.784992784992786,5.094444707590431,0.007869582030966082,0.01811421809830481,0.0052986280151597134,Ccnb1/Cdk1,2
GO:0007144,female meiosis I,1/15,14/25615,0.07142857142857142,121.97619047619047,10.959728785070014,0.008169253811594834,0.01830916095493404,0.005355651159955986,Ccnb2,1
GO:0010992,ubiquitin recycling,1/15,14/25615,0.07142857142857142,121.97619047619047,10.959728785070014,0.008169253811594834,0.01830916095493404,0.005355651159955986,Ube2c,1
GO:0034086,maintenance of sister chromatid cohesion,1/15,14/25615,0.07142857142857142,121.97619047619047,10.959728785070014,0.008169253811594834,0.01830916095493404,0.005355651159955986,Bub1,1
GO:0051307,meiotic chromosome separation,1/15,14/25615,0.07142857142857142,121.97619047619047,10.959728785070014,0.008169253811594834,0.01830916095493404,0.005355651159955986,Top2a,1
GO:0090435,protein localization to nuclear envelope,1/15,14/25615,0.07142857142857142,121.97619047619047,10.959728785070014,0.008169253811594834,0.01830916095493404,0.005355651159955986,Plk1,1
GO:0110025,DNA strand resection involved in replication fork processing,1/15,14/25615,0.07142857142857142,121.97619047619047,10.959728785070014,0.008169253811594834,0.01830916095493404,0.005355651159955986,Cdk1,1
GO:1903320,regulation of protein modification by small protein conjugation or removal,2/15,239/25615,0.008368200836820083,14.290097629009763,4.99666103223327,0.00840261914179714,0.01874994926401021,0.005484587074857246,Cdc20/Cdk1,2
GO:0007096,regulation of exit from mitosis,1/15,15/25615,0.06666666666666667,113.84444444444445,10.582059012168271,0.00875038193912181,0.018866857261144492,0.0055187840788598575,Ube2c,1
GO:0031915,positive regulation of synaptic plasticity,1/15,15/25615,0.06666666666666667,113.84444444444445,10.582059012168271,0.00875038193912181,0.018866857261144492,0.0055187840788598575,Cdc20,1
GO:0048308,organelle inheritance,1/15,15/25615,0.06666666666666667,113.84444444444445,10.582059012168271,0.00875038193912181,0.018866857261144492,0.0055187840788598575,Cdk1,1
GO:0048313,Golgi inheritance,1/15,15/25615,0.06666666666666667,113.84444444444445,10.582059012168271,0.00875038193912181,0.018866857261144492,0.0055187840788598575,Cdk1,1
GO:0051782,negative regulation of cell division,1/15,15/25615,0.06666666666666667,113.84444444444445,10.582059012168271,0.00875038193912181,0.018866857261144492,0.0055187840788598575,Aurkb,1
GO:0060623,regulation of chromosome condensation,1/15,15/25615,0.06666666666666667,113.84444444444445,10.582059012168271,0.00875038193912181,0.018866857261144492,0.0055187840788598575,Ccnb1,1
GO:1902412,regulation of mitotic cytokinesis,1/15,15/25615,0.06666666666666667,113.84444444444445,10.582059012168271,0.00875038193912181,0.018866857261144492,0.0055187840788598575,Aurkb,1
GO:1904666,regulation of ubiquitin protein ligase activity,1/15,15/25615,0.06666666666666667,113.84444444444445,10.582059012168271,0.00875038193912181,0.018866857261144492,0.0055187840788598575,Cdc20,1
GO:1901873,regulation of post-translational protein modification,2/15,245/25615,0.00816326530612245,13.940136054421767,4.926358359126926,0.00881285856387889,0.01892172574009291,0.005534833772980107,Cdc20/Cdk1,2
GO:0055001,muscle cell development,2/15,247/25615,0.008097165991902834,13.827260458839406,4.903471154223168,0.008951586034542497,0.019139165119879564,0.005598437423056747,Ccnb1/Cdk1,2
GO:0007623,circadian rhythm,2/15,249/25615,0.008032128514056224,13.71619812583668,4.880848357404022,0.009091300363267113,0.019356893690122896,0.0056621256648417976,Top2a/Cdk1,2
GO:0007076,mitotic chromosome condensation,1/15,16/25615,0.0625,106.72916666666666,10.240181395204743,0.009331192262204913,0.019541964122896355,0.005716261006182474,Nusap1,1
GO:0030953,astral microtubule organization,1/15,16/25615,0.0625,106.72916666666666,10.240181395204743,0.009331192262204913,0.019541964122896355,0.005716261006182474,Plk1,1
GO:0120261,regulation of heterochromatin organization,1/15,16/25615,0.0625,106.72916666666666,10.240181395204743,0.009331192262204913,0.019541964122896355,0.005716261006182474,Cdk1,1
GO:1901978,positive regulation of cell cycle checkpoint,1/15,16/25615,0.0625,106.72916666666666,10.240181395204743,0.009331192262204913,0.019541964122896355,0.005716261006182474,Aurkb,1
GO:0000712,resolution of meiotic recombination intermediates,1/15,17/25615,0.058823529411764705,100.45098039215685,9.928756538660467,0.009911684942233823,0.020422866957586626,0.005973935746168094,Top2a,1
GO:0009120,deoxyribonucleoside metabolic process,1/15,17/25615,0.058823529411764705,100.45098039215685,9.928756538660467,0.009911684942233823,0.020422866957586626,0.005973935746168094,Cdk1,1
GO:0031440,regulation of mRNA 3'-end processing,1/15,17/25615,0.058823529411764705,100.45098039215685,9.928756538660467,0.009911684942233823,0.020422866957586626,0.005973935746168094,Ccnb1,1
GO:0051177,meiotic sister chromatid cohesion,1/15,17/25615,0.058823529411764705,100.45098039215685,9.928756538660467,0.009911684942233823,0.020422866957586626,0.005973935746168094,Bub1,1
GO:0009636,response to toxic substance,2/15,266/25615,0.007518796992481203,12.839598997493734,4.698527199849328,0.010318409413453111,0.021175530964957993,0.006194099077194427,Ccnb1/Cdk1,2
GO:0007063,regulation of sister chromatid cohesion,1/15,18/25615,0.05555555555555555,94.87037037037037,9.64349809876872,0.010491860140525389,0.021275160840509816,0.00622324202153135,Bub1,1
GO:0071103,DNA conformation change,1/15,18/25615,0.05555555555555555,94.87037037037037,9.64349809876872,0.010491860140525389,0.021275160840509816,0.00622324202153135,Top2a,1
GO:0090306,meiotic spindle assembly,1/15,18/25615,0.05555555555555555,94.87037037037037,9.64349809876872,0.010491860140525389,0.021275160840509816,0.00622324202153135,Ccnb2,1
GO:0032984,protein-containing complex disassembly,2/15,274/25615,0.0072992700729927005,12.464720194647201,4.618396510232609,0.010920110539824033,0.02205603354090941,0.006451656736654931,Aurkb/Tpx2,2
GO:0033002,muscle cell proliferation,2/15,282/25615,0.0070921985815602835,12.11111111111111,4.541539362084786,0.011537134963867773,0.023166510562236318,0.006776484704578344,Ccnb1/Cdk1,2
GO:0160049,negative regulation of cGAS/STING signaling pathway,1/15,20/25615,0.05,85.38333333333333,9.13815367730598,0.011651258736780301,0.023166510562236318,0.006776484704578344,Aurkb,1
GO:1901881,positive regulation of protein depolymerization,1/15,20/25615,0.05,85.38333333333333,9.13815367730598,0.011651258736780301,0.023166510562236318,0.006776484704578344,Aurkb,1
GO:1902969,mitotic DNA replication,1/15,20/25615,0.05,85.38333333333333,9.13815367730598,0.011651258736780301,0.023166510562236318,0.006776484704578344,Cdk1,1
GO:0009163,nucleoside biosynthetic process,1/15,21/25615,0.047619047619047616,81.31746031746032,8.912814780110601,0.012230482456997094,0.024074848510215404,0.007042184547225436,Cdk1,1
GO:0034404,nucleobase-containing small molecule biosynthetic process,1/15,21/25615,0.047619047619047616,81.31746031746032,8.912814780110601,0.012230482456997094,0.024074848510215404,0.007042184547225436,Cdk1,1
GO:0048738,cardiac muscle tissue development,2/15,291/25615,0.006872852233676976,11.736540664375715,4.458708343341542,0.012249433684258328,0.024074848510215404,0.007042184547225436,Ccnb1/Cdk1,2
GO:0039694,viral RNA genome replication,1/15,22/25615,0.045454545454545456,77.62121212121212,8.702902330671234,0.012809389339983102,0.024793931639133956,0.007252525064902713,Top2a,1
GO:0051438,regulation of ubiquitin-protein transferase activity,1/15,22/25615,0.045454545454545456,77.62121212121212,8.702902330671234,0.012809389339983102,0.024793931639133956,0.007252525064902713,Cdc20,1
GO:0061952,midbody abscission,1/15,22/25615,0.045454545454545456,77.62121212121212,8.702902330671234,0.012809389339983102,0.024793931639133956,0.007252525064902713,Aurkb,1
GO:1901673,regulation of mitotic spindle assembly,1/15,22/25615,0.045454545454545456,77.62121212121212,8.702902330671234,0.012809389339983102,0.024793931639133956,0.007252525064902713,Plk1,1
GO:0002903,negative regulation of B cell apoptotic process,1/15,23/25615,0.043478260869565216,74.2463768115942,8.506723185169745,0.013387979546676143,0.025816066220194375,0.00755151179991266,Aurkb,1
GO:0051054,positive regulation of DNA metabolic process,2/15,314/25615,0.006369426751592357,10.876857749469215,4.26264464384365,0.014155748210243128,0.027193937351256536,0.007954555780983474,Aurkb/Cdk1,2
GO:0045927,positive regulation of growth,2/15,315/25615,0.006349206349206349,10.842328042328042,4.254584970899461,0.014241401045137858,0.02725601473432751,0.00797271416680298,Ccnb1/Cdk1,2
GO:0009060,aerobic respiration,2/15,320/25615,0.00625,10.672916666666666,4.214823987417695,0.014673089459510595,0.027977420573917586,0.008183734105461525,Ccnb1/Cdk1,2
GO:0031400,negative regulation of protein modification process,2/15,323/25615,0.006191950464396285,10.573787409700723,4.191387401052635,0.014934832581709455,0.028370629922875583,0.0082987525987194,Ccnb1/Cdk1,2
GO:0090592,DNA synthesis involved in DNA replication,1/15,26/25615,0.038461538461538464,65.67948717948718,7.987133329470657,0.015121851717246448,0.028513897518497915,0.008340660104288194,Cdk1,1
GO:1901659,glycosyl compound biosynthetic process,1/15,26/25615,0.038461538461538464,65.67948717948718,7.987133329470657,0.015121851717246448,0.028513897518497915,0.008340660104288194,Cdk1,1
GO:0045070,positive regulation of viral genome replication,1/15,27/25615,0.037037037037037035,63.24691358024691,7.833320264374304,0.015699176826638905,0.02949367411181059,0.008627256615258223,Top2a,1
GO:0000212,meiotic spindle organization,1/15,28/25615,0.03571428571428571,60.988095238095234,7.68774116533886,0.01627618606329695,0.030465681605658393,0.008911580570611786,Ccnb2,1
GO:0002902,regulation of B cell apoptotic process,1/15,29/25615,0.034482758620689655,58.885057471264375,7.54968131076005,0.01685287958770576,0.031202251700426245,0.009127036237430275,Aurkb,1
GO:0070193,synaptonemal complex organization,1/15,29/25615,0.034482758620689655,58.885057471264375,7.54968131076005,0.01685287958770576,0.031202251700426245,0.009127036237430275,Plk1,1
GO:2000042,negative regulation of double-strand break repair via homologous recombination,1/15,29/25615,0.034482758620689655,58.885057471264375,7.54968131076005,0.01685287958770576,0.031202251700426245,0.009127036237430275,Plk1,1
GO:0010458,exit from mitosis,1/15,30/25615,0.03333333333333333,56.922222222222224,7.418510011711325,0.017429257560276024,0.03215289030072581,0.009405109532810927,Ube2c,1
GO:0006310,DNA recombination,2/15,353/25615,0.0056657223796034,9.675165250236072,3.9727898535146102,0.01766326796497643,0.0324673738492912,0.00949709977670069,Plk1/Top2a,2
GO:0048511,rhythmic process,2/15,357/25615,0.0056022408963585435,9.566760037348272,3.94562294209005,0.01804209452914397,0.03304483980069021,0.009666015556077885,Top2a/Cdk1,2
GO:0045859,regulation of protein kinase activity,2/15,360/25615,0.005555555555555556,9.487037037037037,3.925527379982682,0.018328503278404597,0.033449518483088386,0.009784388968170875,Ccnb1/Tpx2,2
GO:0090169,regulation of spindle assembly,1/15,32/25615,0.03125,53.36458333333333,7.174658848333203,0.01858106749116628,0.0337897704198789,0.009883916777469984,Plk1,1
GO:0034504,protein localization to nucleus,2/15,367/25615,0.005449591280653951,9.306085376930064,3.879540425629429,0.01900437876786667,0.03443701258999953,0.010073242945267138,Plk1/Cdk1,2
GO:0072574,hepatocyte proliferation,1/15,33/25615,0.030303030303030304,51.74747474747475,7.061037341795416,0.01915649976993039,0.034468209093078975,0.010082368299963363,Mki67,1
GO:0090128,regulation of synapse maturation,1/15,33/25615,0.030303030303030304,51.74747474747475,7.061037341795416,0.01915649976993039,0.034468209093078975,0.010082368299963363,Cdc20,1
GO:0010039,response to iron ion,1/15,34/25615,0.029411764705882353,50.225490196078425,6.9524055685724395,0.019731617137746182,0.035254742508350694,0.010312438842693993,Ccnb1,1
GO:0046688,response to copper ion,1/15,34/25615,0.029411764705882353,50.225490196078425,6.9524055685724395,0.019731617137746182,0.035254742508350694,0.010312438842693993,Cdk1,1
GO:0045333,cellular respiration,2/15,376/25615,0.005319148936170213,9.083333333333332,3.822193664855564,0.01988885796397512,0.03541186905780936,0.010358400259983374,Ccnb1/Cdk1,2
GO:0030262,apoptotic nuclear changes,1/15,35/25615,0.02857142857142857,48.79047619047619,6.848405375372188,0.0203064197546462,0.0357813120504283,0.010466466806387515,Top2a,1
GO:0050685,positive regulation of mRNA processing,1/15,35/25615,0.02857142857142857,48.79047619047619,6.848405375372188,0.0203064197546462,0.0357813120504283,0.010466466806387515,Ccnb1,1
GO:0140896,cGAS/STING signaling pathway,1/15,35/25615,0.02857142857142857,48.79047619047619,6.848405375372188,0.0203064197546462,0.0357813120504283,0.010466466806387515,Aurkb,1
GO:0010038,response to metal ion,2/15,382/25615,0.005235602094240838,8.94066317626527,3.7850215959057736,0.020488113895954334,0.03597740962485452,0.010523827720114,Ccnb1/Cdk1,2
GO:0006921,cellular component disassembly involved in execution phase of apoptosis,1/15,36/25615,0.027777777777777776,47.43518518518518,6.748713641856387,0.020880907780591484,0.0365415886160351,0.01068885690282621,Top2a,1
GO:0043549,regulation of kinase activity,2/15,390/25615,0.005128205128205128,8.757264957264956,3.7367125530401957,0.021298966112012048,0.03703900872588919,0.010834358304822874,Ccnb1/Tpx2,2
GO:0000132,establishment of mitotic spindle orientation,1/15,37/25615,0.02702702702702703,46.153153153153156,6.653037992594827,0.021455081375466145,0.03703900872588919,0.010834358304822874,Plk1,1
GO:0021591,ventricular system development,1/15,37/25615,0.02702702702702703,46.153153153153156,6.653037992594827,0.021455081375466145,0.03703900872588919,0.010834358304822874,Cenpf,1
GO:0033260,nuclear DNA replication,1/15,37/25615,0.02702702702702703,46.153153153153156,6.653037992594827,0.021455081375466145,0.03703900872588919,0.010834358304822874,Cdk1,1
GO:0048638,regulation of developmental growth,2/15,398/25615,0.005025125628140704,8.581239530988274,3.6897708436698844,0.022123239183303865,0.03793615846532978,0.01109678546107082,Ccnb1/Cdk1,2
GO:1902903,regulation of supramolecular fiber organization,2/15,398/25615,0.005025125628140704,8.581239530988274,3.6897708436698844,0.022123239183303865,0.03793615846532978,0.01109678546107082,Aurkb/Tpx2,2
GO:0007020,microtubule nucleation,1/15,39/25615,0.02564102564102564,43.78632478632478,6.472697709128685,0.022602485911164427,0.038499567668683406,0.011261589471527538,Tpx2,1
GO:0007026,negative regulation of microtubule depolymerization,1/15,39/25615,0.02564102564102564,43.78632478632478,6.472697709128685,0.022602485911164427,0.038499567668683406,0.011261589471527538,Tpx2,1
GO:0051146,striated muscle cell differentiation,2/15,406/25615,0.0049261083743842365,8.412151067323482,3.644129645196131,0.022960807814196644,0.03870193292345276,0.011320783757606945,Ccnb1/Cdk1,2
GO:0001783,B cell apoptotic process,1/15,40/25615,0.025,42.69166666666666,6.387571592355071,0.02317571717138267,0.03870193292345276,0.011320783757606945,Aurkb,1
GO:0031112,positive regulation of microtubule polymerization or depolymerization,1/15,40/25615,0.025,42.69166666666666,6.387571592355071,0.02317571717138267,0.03870193292345276,0.011320783757606945,Aurkb,1
GO:0043243,positive regulation of protein-containing complex disassembly,1/15,40/25615,0.025,42.69166666666666,6.387571592355071,0.02317571717138267,0.03870193292345276,0.011320783757606945,Aurkb,1
GO:0071398,cellular response to fatty acid,1/15,40/25615,0.025,42.69166666666666,6.387571592355071,0.02317571717138267,0.03870193292345276,0.011320783757606945,Ccnb1,1
GO:2000780,negative regulation of double-strand break repair,1/15,40/25615,0.025,42.69166666666666,6.387571592355071,0.02317571717138267,0.03870193292345276,0.011320783757606945,Plk1,1
GO:0001556,oocyte maturation,1/15,41/25615,0.024390243902439025,41.650406504065046,6.305533542870598,0.02374863463931698,0.039146942905454764,0.011450954562930427,Ccnb1,1
GO:0045738,negative regulation of DNA repair,1/15,41/25615,0.024390243902439025,41.650406504065046,6.305533542870598,0.02374863463931698,0.039146942905454764,0.011450954562930427,Plk1,1
GO:0071539,protein localization to centrosome,1/15,41/25615,0.024390243902439025,41.650406504065046,6.305533542870598,0.02374863463931698,0.039146942905454764,0.011450954562930427,Plk1,1
GO:0072528,pyrimidine-containing compound biosynthetic process,1/15,41/25615,0.024390243902439025,41.650406504065046,6.305533542870598,0.02374863463931698,0.039146942905454764,0.011450954562930427,Cdk1,1
GO:0051656,establishment of organelle localization,2/15,416/25615,0.004807692307692308,8.209935897435898,3.5888124676658344,0.024026275805077726,0.03945445352526428,0.011540905140771504,Plk1/Nusap1,2
GO:0040020,regulation of meiotic nuclear division,1/15,42/25615,0.023809523809523808,40.65873015873016,6.226399171795136,0.02432123847447798,0.03945445352526428,0.011540905140771504,Cdc20,1
GO:0044786,cell cycle DNA replication,1/15,42/25615,0.023809523809523808,40.65873015873016,6.226399171795136,0.02432123847447798,0.03945445352526428,0.011540905140771504,Cdk1,1
GO:0070979,protein K11-linked ubiquitination,1/15,42/25615,0.023809523809523808,40.65873015873016,6.226399171795136,0.02432123847447798,0.03945445352526428,0.011540905140771504,Ube2c,1
GO:1905508,protein localization to microtubule organizing center,1/15,42/25615,0.023809523809523808,40.65873015873016,6.226399171795136,0.02432123847447798,0.03945445352526428,0.011540905140771504,Plk1,1
GO:0021700,developmental maturation,2/15,425/25615,0.004705882352941176,8.036078431372548,3.540588077959092,0.025002592928084676,0.040431408184339455,0.01182667620182553,Cdc20/Ccnb1,2
GO:0032467,positive regulation of cytokinesis,1/15,46/25615,0.021739130434782608,37.1231884057971,5.9357072041277625,0.026608520674961,0.04275771718523607,0.012507149737982332,Aurkb,1
GO:0051294,establishment of spindle orientation,1/15,46/25615,0.021739130434782608,37.1231884057971,5.9357072041277625,0.026608520674961,0.04275771718523607,0.012507149737982332,Plk1,1
GO:0045740,positive regulation of DNA replication,1/15,48/25615,0.020833333333333332,35.57638888888889,5.8039640884561585,0.027750284120313218,0.04431373495462517,0.012962303766725252,Cdk1,1
GO:0046686,response to cadmium ion,1/15,48/25615,0.020833333333333332,35.57638888888889,5.8039640884561585,0.027750284120313218,0.04431373495462517,0.012962303766725252,Cdk1,1
GO:0031124,mRNA 3'-end processing,1/15,51/25615,0.0196078431372549,33.48366013071896,5.6208240540187475,0.02946058579818467,0.046752668766684366,0.013675721423152085,Ccnb1,1
GO:0070229,negative regulation of lymphocyte apoptotic process,1/15,51/25615,0.0196078431372549,33.48366013071896,5.6208240540187475,0.02946058579818467,0.046752668766684366,0.013675721423152085,Aurkb,1
GO:0009116,nucleoside metabolic process,1/15,52/25615,0.019230769230769232,32.83974358974359,5.563264043589464,0.030030062062189833,0.047071661698708606,0.0137690307162769,Cdk1,1
GO:0016202,regulation of striated muscle tissue development,1/15,52/25615,0.019230769230769232,32.83974358974359,5.563264043589464,0.030030062062189833,0.047071661698708606,0.0137690307162769,Cenpf,1
GO:0043029,T cell homeostasis,1/15,52/25615,0.019230769230769232,32.83974358974359,5.563264043589464,0.030030062062189833,0.047071661698708606,0.0137690307162769,Ccnb2,1
GO:0045880,positive regulation of smoothened signaling pathway,1/15,52/25615,0.019230769230769232,32.83974358974359,5.563264043589464,0.030030062062189833,0.047071661698708606,0.0137690307162769,Cdk1,1
GO:0015980,energy derivation by oxidation of organic compounds,2/15,470/25615,0.00425531914893617,7.266666666666666,3.319128397299057,0.030125204953838504,0.047076390615937234,0.01377041398179645,Ccnb1/Cdk1,2
GO:0031111,negative regulation of microtubule polymerization or depolymerization,1/15,53/25615,0.018867924528301886,32.22012578616352,5.5073099292683185,0.03059922644309465,0.047671355830552944,0.013944448507443648,Tpx2,1
GO:0060074,synapse maturation,1/15,54/25615,0.018518518518518517,31.623456790123456,5.452887298771942,0.031168079099512025,0.048263298241971654,0.01411759882657323,Cdc20,1
GO:1901861,regulation of muscle tissue development,1/15,54/25615,0.018518518518518517,31.623456790123456,5.452887298771942,0.031168079099512025,0.048263298241971654,0.01411759882657323,Cenpf,1
GO:0045910,negative regulation of DNA recombination,1/15,56/25615,0.017857142857142856,30.494047619047617,5.348362204234747,0.03230484987296933,0.04972222375026304,0.014544352193917708,Plk1,1
GO:0048634,regulation of muscle organ development,1/15,56/25615,0.017857142857142856,30.494047619047617,5.348362204234747,0.03230484987296933,0.04972222375026304,0.014544352193917708,Cenpf,1
