"Gene","Comparison","log2FoldChange","padj"
"Stat1","Condition_A",2.7255,0.000198380808794559
"Stat2","Condition_A",-2.6733,9.30795496008194e-05
"Irf7","Condition_A",3.0963,0.000198380808794559
"Isg15","Condition_A",-2.5493,0.000198380808794559
"Ifit1","Condition_A",-2.9982,0.000198380808794559
"Ifit2","Condition_A",3.2692,0.000198380808794559
"Ifit3","Condition_A",2.3131,0.000198380808794559
"Mx1","Condition_A",3.0592,0.000198380808794559
"Oas1a","Condition_A",2.6465,0.000198380808794559
"Oas2","Condition_A",-3.3752,0.00016562538135144
"Rsad2","Condition_A",2.2403,0.000198380808794559
"Ddx58","Condition_A",-2.7264,0.000198380808794559
"Ifih1","Condition_A",3.4671,0.000198380808794559
"Usp18","Condition_A",-2.718,0.000209320833881218
"Bst2","Condition_A",-2.4608,0.000198380808794559
"Mki67","Condition_A",0.5724,0.984284641859488
"Top2a","Condition_A",-1.8796,0.187592869146889
"Cdk1","Condition_A",-2.3908,0.984284641859488
"Ccnb1","Condition_A",-2.1964,0.984284641859488
"Ccnb2","Condition_A",-1.556,0.0811920282374258
"Aurkb","Condition_A",-0.276,0.985245420204905
"Bub1","Condition_A",-1.6032,0.985245420204905
"Ube2c","Condition_A",-0.1547,0.985245420204905
"Cenpf","Condition_A",2.0469,0.0537306914424622
"Nusap1","Condition_A",1.5051,0.143768372801447
"Tpx2","Condition_A",-0.3874,0.985245420204905
"Pttg1","Condition_A",-0.2315,0.984284641859488
"Cdc20","Condition_A",-1.5868,0.984284641859488
"Plk1","Condition_A",0.4141,0.985245420204905
"Kif11","Condition_A",-0.576,0.985245420204905
"Il6","Condition_A",0.4099,0.985245420204905
"Cxcl10","Condition_A",0.6344,0.984284641859488
"Ccl2","Condition_A",0.9316,0.985245420204905
"Ccl5","Condition_A",-0.548,0.985245420204905
"Tnf","Condition_A",1.8429,0.187592869146889
"Nfkbia","Condition_A",-1.5453,0.985245420204905
"Socs3","Condition_A",-0.706,0.985245420204905
"Icam1","Condition_A",-0.7658,0.985245420204905
"Jun","Condition_A",-2.1728,0.985245420204905
"Fos","Condition_A",0.0325,0.985245420204905
"Stat3","Condition_A",0.1854,0.985245420204905
"Ptgs2","Condition_A",-0.325,0.985245420204905
"Cxcl1","Condition_A",0.6823,0.984284641859488
"Il1b","Condition_A",-0.654,0.985245420204905
"Tlr2","Condition_A",-1.2315,0.985245420204905
"Gene_1","Condition_A",0.3895,0.985245420204905
"Gene_2","Condition_A",-0.7303,0.984284641859488
"Gene_3","Condition_A",1.2997,0.984284641859488
"Gene_4","Condition_A",-0.3883,0.984284641859488
"Gene_5","Condition_A",0.5901,0.985245420204905
"Gene_6","Condition_A",0.2897,0.985245420204905
"Gene_7","Condition_A",-0.7055,0.985245420204905
"Gene_8","Condition_A",1.4182,0.984284641859488
"Gene_9","Condition_A",0.5786,0.985245420204905
"Gene_10","Condition_A",0.0808,0.985245420204905
"Gene_11","Condition_A",-1.9549,0.177332867081959
"Gene_12","Condition_A",0.6114,0.984284641859488
"Gene_13","Condition_A",0.0808,0.984284641859488
"Gene_14","Condition_A",-2.6938,0.984284641859488
"Gene_15","Condition_A",0.2564,0.985245420204905
"Gene_16","Condition_A",-0.3305,0.984284641859488
"Gene_17","Condition_A",0.1667,0.985245420204905
"Gene_18","Condition_A",0.5236,0.984284641859488
"Gene_19","Condition_A",1.2598,0.984284641859488
"Gene_20","Condition_A",-0.6546,0.984284641859488
"Gene_21","Condition_A",1.1723,0.985245420204905
"Gene_22","Condition_A",0.3023,0.984284641859488
"Gene_23","Condition_A",0.9347,0.985245420204905
"Gene_24","Condition_A",0.8287,0.985245420204905
"Gene_25","Condition_A",0.6488,0.985245420204905
"Gene_26","Condition_A",-0.9388,0.984284641859488
"Gene_27","Condition_A",-0.0812,0.985245420204905
"Gene_28","Condition_A",0.5612,0.988597369358583
"Gene_29","Condition_A",-0.8582,0.985245420204905
"Gene_30","Condition_A",-0.4885,0.984284641859488
"Gene_31","Condition_A",1.5097,0.143768372801447
"Gene_32","Condition_A",0.6914,0.984284641859488
"Gene_33","Condition_A",0.4174,0.985245420204905
"Gene_34","Condition_A",-0.7972,0.985245420204905
"Gene_35","Condition_A",-1.9778,0.196976508491999
"Gene_36","Condition_A",1.3614,0.985245420204905
"Gene_37","Condition_A",0.2321,0.985245420204905
"Gene_38","Condition_A",0.0796,0.985245420204905
"Gene_39","Condition_A",-0.1088,0.985245420204905
"Gene_40","Condition_A",-1.0749,0.985245420204905
"Gene_41","Condition_A",0.5508,0.984284641859488
"Gene_42","Condition_A",-0.1954,0.984284641859488
"Gene_43","Condition_A",1.9812,0.143768372801447
"Gene_44","Condition_A",0.84,0.985245420204905
"Gene_45","Condition_A",0.7396,0.984284641859488
"Gene_46","Condition_A",2.0285,0.143768372801447
"Gene_47","Condition_A",-0.4286,0.984284641859488
"Gene_48","Condition_A",0.5853,0.984284641859488
"Gene_49","Condition_A",1.252,0.984284641859488
"Gene_50","Condition_A",-0.9997,0.984284641859488
"Gene_51","Condition_A",-0.7747,0.984284641859488
"Gene_52","Condition_A",-1.0186,0.985245420204905
"Gene_53","Condition_A",-1.3133,0.984284641859488
"Gene_54","Condition_A",0.072,0.985245420204905
"Gene_55","Condition_A",0.5879,0.985245420204905
"Gene_56","Condition_A",1.0809,0.996849391020631
"Gene_57","Condition_A",0.9403,0.985245420204905
"Gene_58","Condition_A",-0.9029,0.984284641859488
"Gene_59","Condition_A",1.6636,0.984284641859488
"Gene_60","Condition_A",-0.6001,0.985245420204905
"Gene_61","Condition_A",1.5186,0.140931969278544
"Gene_62","Condition_A",-0.38,0.985245420204905
"Gene_63","Condition_A",-0.1101,0.984284641859488
"Gene_64","Condition_A",0.1694,0.985245420204905
"Gene_65","Condition_A",0.1072,0.985245420204905
"Gene_66","Condition_A",-0.0226,0.984284641859488
"Gene_67","Condition_A",-1.8247,0.106359758627694
"Gene_68","Condition_A",-0.4369,0.984284641859488
"Gene_69","Condition_A",-0.4538,0.984284641859488
"Gene_70","Condition_A",-1.495,0.985245420204905
"Gene_71","Condition_A",-0.3441,0.984284641859488
"Gene_72","Condition_A",-0.4614,0.985245420204905
"Gene_73","Condition_A",2.4317,0.985245420204905
"Gene_74","Condition_A",-1.2259,0.985245420204905
"Gene_75","Condition_A",0.1235,0.985245420204905
"Gene_76","Condition_A",-1.3443,0.985245420204905
"Gene_77","Condition_A",-1.3234,0.985245420204905
"Gene_78","Condition_A",0.1122,0.984284641859488
"Gene_79","Condition_A",-0.897,0.984284641859488
"Gene_80","Condition_A",-0.0016,0.985245420204905
"Gene_81","Condition_A",-0.3854,0.984284641859488
"Gene_82","Condition_A",-0.5523,0.984284641859488
"Gene_83","Condition_A",-1.8222,0.985245420204905
"Gene_84","Condition_A",-1.1023,0.984284641859488
"Gene_85","Condition_A",0.1616,0.984284641859488
"Gene_86","Condition_A",0.5109,0.985245420204905
"Gene_87","Condition_A",-0.4436,0.984284641859488
"Gene_88","Condition_A",1e-04,0.985245420204905
"Gene_89","Condition_A",1.0106,0.984284641859488
"Gene_90","Condition_A",2.1277,0.169861314140726
"Gene_91","Condition_A",-0.9874,0.984284641859488
"Gene_92","Condition_A",-0.1056,0.984284641859488
"Gene_93","Condition_A",1.0813,0.984284641859488
"Gene_94","Condition_A",-0.4228,0.985245420204905
"Gene_95","Condition_A",-0.0472,0.984284641859488
"Gene_96","Condition_A",-0.0775,0.985245420204905
"Gene_97","Condition_A",-2.3958,0.106359758627694
"Gene_98","Condition_A",-0.4002,0.984284641859488
"Gene_99","Condition_A",-0.0265,0.985245420204905
"Gene_100","Condition_A",-2.402,0.0267514555164448
"Gene_101","Condition_A",1.002,0.984284641859488
"Gene_102","Condition_A",-0.4329,0.985245420204905
"Gene_103","Condition_A",-0.3899,0.984284641859488
"Gene_104","Condition_A",0.6272,0.984284641859488
"Gene_105","Condition_A",-0.9507,0.985245420204905
"Gene_106","Condition_A",-0.0366,0.984284641859488
"Gene_107","Condition_A",-1.3964,0.985245420204905
"Gene_108","Condition_A",1.0505,0.985245420204905
"Gene_109","Condition_A",-0.2463,0.985245420204905
"Gene_110","Condition_A",-0.4211,0.985245420204905
"Gene_111","Condition_A",-1.1144,0.985245420204905
"Gene_112","Condition_A",-0.007,0.985245420204905
"Gene_113","Condition_A",-1.9392,0.134826887243589
"Gene_114","Condition_A",-0.4801,0.984284641859488
"Gene_115","Condition_A",1.1589,0.985245420204905
"Gene_116","Condition_A",-1.5268,0.0627301717569519
"Gene_117","Condition_A",-0.9646,0.985245420204905
"Gene_118","Condition_A",0.1469,0.984284641859488
"Gene_119","Condition_A",-0.3265,0.984284641859488
"Gene_120","Condition_A",0.531,0.984284641859488
"Gene_121","Condition_A",1.2892,0.985245420204905
"Gene_122","Condition_A",-0.8934,0.984284641859488
"Gene_123","Condition_A",0.4092,0.984284641859488
"Gene_124","Condition_A",0.0764,0.984284641859488
"Gene_125","Condition_A",0.806,0.984284641859488
"Gene_126","Condition_A",-0.2068,0.984284641859488
"Gene_127","Condition_A",0.753,0.984284641859488
"Gene_128","Condition_A",-1.5706,0.984284641859488
"Gene_129","Condition_A",1.5205,0.984284641859488
"Gene_130","Condition_A",0.7783,0.985245420204905
"Gene_131","Condition_A",-0.1357,0.985245420204905
"Gene_132","Condition_A",-1.3041,0.984284641859488
"Gene_133","Condition_A",0.5787,0.985245420204905
"Gene_134","Condition_A",2.0875,0.0402206465407895
"Gene_135","Condition_A",-2.0679,0.143768372801447
"Gene_136","Condition_A",0.1363,0.985245420204905
"Gene_137","Condition_A",-0.5257,0.985245420204905
"Gene_138","Condition_A",0.3319,0.984284641859488
"Gene_139","Condition_A",0.2652,0.985245420204905
"Gene_140","Condition_A",-0.2513,0.985245420204905
"Gene_141","Condition_A",2.0352,0.143768372801447
"Gene_142","Condition_A",0.6307,0.984284641859488
"Gene_143","Condition_A",0.4988,0.984284641859488
"Gene_144","Condition_A",-0.7527,0.985245420204905
"Gene_145","Condition_A",-1.4351,0.984284641859488
"Gene_146","Condition_A",0.1845,0.985245420204905
"Gene_147","Condition_A",-0.3106,0.985245420204905
"Gene_148","Condition_A",0.2274,0.984284641859488
"Gene_149","Condition_A",-1.1646,0.985245420204905
"Gene_150","Condition_A",1.6672,0.149812940474489
"Gene_151","Condition_A",0.9772,0.984284641859488
"Gene_152","Condition_A",0.3634,0.985245420204905
"Gene_153","Condition_A",0.5278,0.985245420204905
"Gene_154","Condition_A",1.6337,0.985245420204905
"Gene_155","Condition_A",0.1159,0.985245420204905
"Gene_156","Condition_A",-1.767,0.196818028010276
"Gene_157","Condition_A",0.3004,0.985245420204905
"Gene_158","Condition_A",1.0542,0.984284641859488
"Gene_159","Condition_A",1.8536,0.984284641859488
"Gene_160","Condition_A",-1.2392,0.984284641859488
"Gene_161","Condition_A",-2.2922,0.0591256697463104
"Gene_162","Condition_A",-0.6352,0.984284641859488
"Gene_163","Condition_A",-0.9487,0.984284641859488
"Gene_164","Condition_A",-0.5812,0.985245420204905
"Gene_165","Condition_A",-0.1668,0.984284641859488
"Gene_166","Condition_A",-1.0811,0.985245420204905
"Gene_167","Condition_A",1.8333,0.985245420204905
"Gene_168","Condition_A",0.097,0.984284641859488
"Gene_169","Condition_A",2.1194,0.143768372801447
"Gene_170","Condition_A",0.4461,0.984284641859488
"Gene_171","Condition_A",0.0337,0.985245420204905
"Gene_172","Condition_A",-0.1189,0.984284641859488
"Gene_173","Condition_A",1.3291,0.985245420204905
"Gene_174","Condition_A",2.0908,0.143768372801447
"Gene_175","Condition_A",-1.1552,0.985245420204905
"Gene_176","Condition_A",0.3471,0.985245420204905
"Gene_177","Condition_A",-0.3164,0.985245420204905
"Gene_178","Condition_A",-0.4696,0.985245420204905
"Gene_179","Condition_A",-0.9613,0.985245420204905
"Gene_180","Condition_A",0.3855,0.985245420204905
"Gene_181","Condition_A",-0.1566,0.984284641859488
"Gene_182","Condition_A",0.4641,0.984284641859488
"Gene_183","Condition_A",-0.2109,0.984284641859488
"Gene_184","Condition_A",-0.5927,0.985245420204905
"Gene_185","Condition_A",1.1252,0.985245420204905
"Gene_186","Condition_A",-0.2446,0.984284641859488
"Gene_187","Condition_A",0.8532,0.985245420204905
"Gene_188","Condition_A",-1.0814,0.985245420204905
"Gene_189","Condition_A",-0.4195,0.984284641859488
"Gene_190","Condition_A",-0.2424,0.984284641859488
"Gene_191","Condition_A",-0.3519,0.985245420204905
"Gene_192","Condition_A",1.2138,0.984284641859488
"Gene_193","Condition_A",-0.0205,0.984284641859488
"Gene_194","Condition_A",0.2198,0.985245420204905
"Gene_195","Condition_A",-0.8481,0.985245420204905
"Gene_196","Condition_A",-1.9183,0.196818028010276
"Gene_197","Condition_A",0.8983,0.984284641859488
"Gene_198","Condition_A",1.1326,0.984284641859488
"Gene_199","Condition_A",1.124,0.984284641859488
"Gene_200","Condition_A",-1.2426,0.985245420204905
"Gene_201","Condition_A",1.845,0.985245420204905
"Gene_202","Condition_A",0.9152,0.984284641859488
"Gene_203","Condition_A",-0.024,0.984284641859488
"Gene_204","Condition_A",0.6332,0.985245420204905
"Gene_205","Condition_A",-0.8742,0.984284641859488
"Gene_206","Condition_A",-0.9865,0.984284641859488
"Gene_207","Condition_A",0.0441,0.984284641859488
"Gene_208","Condition_A",-1.0786,0.985245420204905
"Gene_209","Condition_A",0.171,0.985245420204905
"Gene_210","Condition_A",-1.8776,0.172648530053732
"Gene_211","Condition_A",-0.9305,0.985245420204905
"Gene_212","Condition_A",-0.6646,0.998792667500675
"Gene_213","Condition_A",0.0419,0.985245420204905
"Gene_214","Condition_A",-1.987,0.0260439757764107
"Gene_215","Condition_A",-0.345,0.984284641859488
"Gene_216","Condition_A",0.7855,0.985245420204905
"Gene_217","Condition_A",0.8726,0.991649028135282
"Gene_218","Condition_A",0.3455,0.991649028135282
"Gene_219","Condition_A",1.9197,0.187592869146889
"Gene_220","Condition_A",-0.0486,0.985245420204905
"Gene_221","Condition_A",0.9583,0.985245420204905
"Gene_222","Condition_A",0.7319,0.984284641859488
"Gene_223","Condition_A",-0.1717,0.984284641859488
"Gene_224","Condition_A",-2.4299,0.984284641859488
"Gene_225","Condition_A",0.0549,0.985245420204905
"Gene_226","Condition_A",0.5164,0.985245420204905
"Gene_227","Condition_A",0.0412,0.985245420204905
"Gene_228","Condition_A",0.1417,0.985245420204905
"Gene_229","Condition_A",0.3884,0.985245420204905
"Gene_230","Condition_A",-0.3569,0.985245420204905
"Gene_231","Condition_A",1.179,0.984284641859488
"Gene_232","Condition_A",0.4234,0.984284641859488
"Gene_233","Condition_A",-1.1184,0.984284641859488
"Gene_234","Condition_A",1.2434,0.984284641859488
"Gene_235","Condition_A",1.084,0.985245420204905
"Gene_236","Condition_A",0.7417,0.985245420204905
"Gene_237","Condition_A",-1.4964,0.985245420204905
"Gene_238","Condition_A",-0.5124,0.984284641859488
"Gene_239","Condition_A",0.572,0.984284641859488
"Gene_240","Condition_A",-1.5544,0.196818028010276
"Gene_241","Condition_A",0.3132,0.984284641859488
"Gene_242","Condition_A",2.2136,0.984284641859488
"Gene_243","Condition_A",-0.7365,0.985245420204905
"Gene_244","Condition_A",-1.9019,0.985245420204905
"Gene_245","Condition_A",0.2463,0.984284641859488
"Gene_246","Condition_A",-0.6188,0.984284641859488
"Gene_247","Condition_A",-1.6582,0.187592869146889
"Gene_248","Condition_A",-0.7311,0.984284641859488
"Gene_249","Condition_A",1.9908,0.985245420204905
"Gene_250","Condition_A",-0.1113,0.984284641859488
"Gene_251","Condition_A",-0.4296,0.985245420204905
"Gene_252","Condition_A",-0.1496,0.985245420204905
"Gene_253","Condition_A",-2.0561,0.143768372801447
"Gene_254","Condition_A",0.0876,0.985245420204905
"Gene_255","Condition_A",-1.4631,0.985245420204905
"Gene_256","Condition_A",2.3018,0.187592869146889
"Gene_257","Condition_A",0.6842,0.985245420204905
"Gene_258","Condition_A",0.0351,0.984284641859488
"Gene_259","Condition_A",0.6616,0.985245420204905
"Gene_260","Condition_A",1.7572,0.143768372801447
"Gene_261","Condition_A",-0.0521,0.985245420204905
"Gene_262","Condition_A",0.4341,0.984284641859488
"Gene_263","Condition_A",0.8936,0.984284641859488
"Gene_264","Condition_A",-1.1218,0.985245420204905
"Gene_265","Condition_A",-0.0301,0.984284641859488
"Gene_266","Condition_A",-1.9393,0.0685204865830019
"Gene_267","Condition_A",-0.683,0.985245420204905
"Gene_268","Condition_A",-0.9309,0.985245420204905
"Gene_269","Condition_A",-0.5677,0.985245420204905
"Gene_270","Condition_A",0.5281,0.984284641859488
"Gene_271","Condition_A",-0.3747,0.984284641859488
"Gene_272","Condition_A",-0.7064,0.984284641859488
"Gene_273","Condition_A",0.1471,0.984284641859488
"Gene_274","Condition_A",-1.113,0.985245420204905
"Gene_275","Condition_A",0.9413,0.984284641859488
"Gene_276","Condition_A",-0.4361,0.985245420204905
"Gene_277","Condition_A",0.1702,0.984284641859488
"Gene_278","Condition_A",0.0459,0.985245420204905
"Gene_279","Condition_A",-2e-04,0.985245420204905
"Gene_280","Condition_A",1.6284,0.985245420204905
"Gene_281","Condition_A",-0.7428,0.984284641859488
"Gene_282","Condition_A",1.0309,0.985245420204905
"Gene_283","Condition_A",0.0284,0.984284641859488
"Gene_284","Condition_A",-0.7517,0.984284641859488
"Gene_285","Condition_A",-0.0619,0.985245420204905
"Stat1","Condition_B",0.8563,0.992028806912013
"Stat2","Condition_B",0.7527,0.985756890020437
"Irf7","Condition_B",0.6204,0.985756890020437
"Isg15","Condition_B",0.6121,0.985756890020437
"Ifit1","Condition_B",-1.4181,0.998021080845785
"Ifit2","Condition_B",-1.5595,0.985756890020437
"Ifit3","Condition_B",-0.473,0.985756890020437
"Mx1","Condition_B",1.2861,0.985756890020437
"Oas1a","Condition_B",0.518,0.985756890020437
"Oas2","Condition_B",-0.6704,0.992028806912013
"Rsad2","Condition_B",0.1613,0.985756890020437
"Ddx58","Condition_B",-1.972,0.183479577018285
"Ifih1","Condition_B",-0.3434,0.992028806912013
"Usp18","Condition_B",0.5089,0.985756890020437
"Bst2","Condition_B",-0.1282,0.985756890020437
"Mki67","Condition_B",-2.4501,0.000186003893853052
"Top2a","Condition_B",-3.5363,0.00013298535549725
"Cdk1","Condition_B",2.5583,0.00013298535549725
"Ccnb1","Condition_B",-2.8357,0.000192549879375262
"Ccnb2","Condition_B",2.849,0.000192549879375262
"Aurkb","Condition_B",-2.6781,0.000192549879375262
"Bub1","Condition_B",2.9918,0.00013298535549725
"Ube2c","Condition_B",-3.2526,0.00013298535549725
"Cenpf","Condition_B",-2.7977,0.000182509646850996
"Nusap1","Condition_B",-2.6427,0.00013298535549725
"Tpx2","Condition_B",3.1979,0.00013298535549725
"Pttg1","Condition_B",2.7659,0.00018664997087218
"Cdc20","Condition_B",3.2797,0.00013298535549725
"Plk1","Condition_B",-2.8845,0.00013298535549725
"Kif11","Condition_B",2.785,0.000192549879375262
"Il6","Condition_B",1.1249,0.985756890020437
"Cxcl10","Condition_B",1.0317,0.985756890020437
"Ccl2","Condition_B",-0.0512,0.985756890020437
"Ccl5","Condition_B",0.5242,0.992028806912013
"Tnf","Condition_B",-0.4044,0.985756890020437
"Nfkbia","Condition_B",-0.3942,0.985756890020437
"Socs3","Condition_B",0.1844,0.985756890020437
"Icam1","Condition_B",0.0384,0.985756890020437
"Jun","Condition_B",-0.1253,0.985756890020437
"Fos","Condition_B",-1.4431,0.183479577018285
"Stat3","Condition_B",0.6528,0.985756890020437
"Ptgs2","Condition_B",-1.4557,0.183479577018285
"Cxcl1","Condition_B",-0.1753,0.985756890020437
"Il1b","Condition_B",-0.6944,0.998021080845785
"Tlr2","Condition_B",1.3129,0.985756890020437
"Gene_1","Condition_B",0.3684,0.985756890020437
"Gene_2","Condition_B",-0.6226,0.985756890020437
"Gene_3","Condition_B",0.0337,0.985756890020437
"Gene_4","Condition_B",-0.5574,0.992028806912013
"Gene_5","Condition_B",0.1307,0.985756890020437
"Gene_6","Condition_B",0.976,0.985756890020437
"Gene_7","Condition_B",-0.4303,0.985756890020437
"Gene_8","Condition_B",0.1054,0.985756890020437
"Gene_9","Condition_B",0.425,0.985756890020437
"Gene_10","Condition_B",-0.5018,0.985756890020437
"Gene_11","Condition_B",-1.5222,0.985756890020437
"Gene_12","Condition_B",-1.9809,0.183479577018285
"Gene_13","Condition_B",-0.7665,0.985756890020437
"Gene_14","Condition_B",0.8402,0.985756890020437
"Gene_15","Condition_B",-0.0668,0.985756890020437
"Gene_16","Condition_B",-0.1456,0.985756890020437
"Gene_17","Condition_B",-1.4214,0.985756890020437
"Gene_18","Condition_B",-0.941,0.985756890020437
"Gene_19","Condition_B",0.4225,0.985756890020437
"Gene_20","Condition_B",-0.1708,0.985756890020437
"Gene_21","Condition_B",-0.6316,0.992028806912013
"Gene_22","Condition_B",-1.3339,0.985756890020437
"Gene_23","Condition_B",1.9076,0.985756890020437
"Gene_24","Condition_B",1.0218,0.985756890020437
"Gene_25","Condition_B",-0.7766,0.999810591340065
"Gene_26","Condition_B",-0.5509,0.985756890020437
"Gene_27","Condition_B",0.1875,0.985756890020437
"Gene_28","Condition_B",-0.0634,0.985756890020437
"Gene_29","Condition_B",1.1072,0.985756890020437
"Gene_30","Condition_B",0.0475,0.985756890020437
"Gene_31","Condition_B",2.0927,0.183479577018285
"Gene_32","Condition_B",-2.6648,0.985756890020437
"Gene_33","Condition_B",-0.118,0.985756890020437
"Gene_34","Condition_B",-1.4785,0.985756890020437
"Gene_35","Condition_B",-0.4134,0.985756890020437
"Gene_36","Condition_B",-0.7199,0.985756890020437
"Gene_37","Condition_B",0.4051,0.985756890020437
"Gene_38","Condition_B",-0.2192,0.985756890020437
"Gene_39","Condition_B",-0.3478,0.985756890020437
"Gene_40","Condition_B",-0.4892,0.985756890020437
"Gene_41","Condition_B",2.2671,0.180920822091349
"Gene_42","Condition_B",-1.4478,0.998021080845785
"Gene_43","Condition_B",0.9008,0.985756890020437
"Gene_44","Condition_B",-0.0986,0.985756890020437
"Gene_45","Condition_B",2.0866,0.183479577018285
"Gene_46","Condition_B",1.943,0.985756890020437
"Gene_47","Condition_B",-0.8192,0.985756890020437
"Gene_48","Condition_B",1.0168,0.985756890020437
"Gene_49","Condition_B",1.2307,0.985756890020437
"Gene_50","Condition_B",0.7818,0.994908803624326
"Gene_51","Condition_B",0.4098,0.998021080845785
"Gene_52","Condition_B",1.5524,0.985756890020437
"Gene_53","Condition_B",1.5933,0.167775317893177
"Gene_54","Condition_B",-0.6301,0.992028806912013
"Gene_55","Condition_B",0.2113,0.985756890020437
"Gene_56","Condition_B",0.2475,0.985756890020437
"Gene_57","Condition_B",1.062,0.985756890020437
"Gene_58","Condition_B",0.9964,0.985756890020437
"Gene_59","Condition_B",0.1559,0.985756890020437
"Gene_60","Condition_B",-0.2468,0.985756890020437
"Gene_61","Condition_B",1.4393,0.985756890020437
"Gene_62","Condition_B",-1.8085,0.985756890020437
"Gene_63","Condition_B",1.6998,0.11947028953582
"Gene_64","Condition_B",0.3779,0.985756890020437
"Gene_65","Condition_B",-1.0777,0.985756890020437
"Gene_66","Condition_B",2.2687,0.0251553712536406
"Gene_67","Condition_B",-0.648,0.985756890020437
"Gene_68","Condition_B",-0.4534,0.985756890020437
"Gene_69","Condition_B",-0.6697,0.985756890020437
"Gene_70","Condition_B",0.8877,0.994908803624326
"Gene_71","Condition_B",-0.0895,0.985756890020437
"Gene_72","Condition_B",-0.3953,0.985756890020437
"Gene_73","Condition_B",0.6699,0.985756890020437
"Gene_74","Condition_B",2.2003,0.985756890020437
"Gene_75","Condition_B",0.039,0.985756890020437
"Gene_76","Condition_B",0.1428,0.985756890020437
"Gene_77","Condition_B",1.5172,0.985756890020437
"Gene_78","Condition_B",0.174,0.985756890020437
"Gene_79","Condition_B",-0.7945,0.985756890020437
"Gene_80","Condition_B",-0.12,0.985756890020437
"Gene_81","Condition_B",0.364,0.985756890020437
"Gene_82","Condition_B",0.5483,0.985756890020437
"Gene_83","Condition_B",-0.9555,0.985756890020437
"Gene_84","Condition_B",1.5268,0.985756890020437
"Gene_85","Condition_B",1.9501,0.191816767732525
"Gene_86","Condition_B",0.4678,0.985756890020437
"Gene_87","Condition_B",-0.5139,0.985756890020437
"Gene_88","Condition_B",-0.1785,0.985756890020437
"Gene_89","Condition_B",-2.3338,0.985756890020437
"Gene_90","Condition_B",-1.0773,0.985756890020437
"Gene_91","Condition_B",-1.1483,0.992028806912013
"Gene_92","Condition_B",-0.603,0.985756890020437
"Gene_93","Condition_B",1.5028,0.985756890020437
"Gene_94","Condition_B",-0.2174,0.985756890020437
"Gene_95","Condition_B",0.4012,0.992028806912013
"Gene_96","Condition_B",-0.483,0.985756890020437
"Gene_97","Condition_B",0.5653,0.998021080845785
"Gene_98","Condition_B",0.8048,0.985756890020437
"Gene_99","Condition_B",1.1099,0.985756890020437
"Gene_100","Condition_B",0.4688,0.985756890020437
"Gene_101","Condition_B",1.7911,0.985756890020437
"Gene_102","Condition_B",-2.0088,0.0844703513996578
"Gene_103","Condition_B",0.563,0.985756890020437
"Gene_104","Condition_B",0.6599,0.985756890020437
"Gene_105","Condition_B",-0.5238,0.985756890020437
"Gene_106","Condition_B",0.8851,0.985756890020437
"Gene_107","Condition_B",0.3856,0.985756890020437
"Gene_108","Condition_B",0.4049,0.985756890020437
"Gene_109","Condition_B",1.0773,0.985756890020437
"Gene_110","Condition_B",-2.0439,0.0844703513996578
"Gene_111","Condition_B",0.5807,0.985756890020437
"Gene_112","Condition_B",-0.2131,0.985756890020437
"Gene_113","Condition_B",1.8307,0.183479577018285
"Gene_114","Condition_B",2.6078,0.985756890020437
"Gene_115","Condition_B",-0.7953,0.985756890020437
"Gene_116","Condition_B",0.5896,0.985756890020437
"Gene_117","Condition_B",2.5658,0.985756890020437
"Gene_118","Condition_B",-0.209,0.985756890020437
"Gene_119","Condition_B",1.5422,0.985756890020437
"Gene_120","Condition_B",-1.057,0.985756890020437
"Gene_121","Condition_B",0.4047,0.985756890020437
"Gene_122","Condition_B",-2.2863,0.193839004087661
"Gene_123","Condition_B",-1.3333,0.994908803624326
"Gene_124","Condition_B",-0.7741,0.985756890020437
"Gene_125","Condition_B",1.3847,0.183479577018285
"Gene_126","Condition_B",-0.3971,0.985756890020437
"Gene_127","Condition_B",-0.7908,0.985756890020437
"Gene_128","Condition_B",-0.0111,0.99717579530552
"Gene_129","Condition_B",1.9679,0.183479577018285
"Gene_130","Condition_B",-0.8308,0.985756890020437
"Gene_131","Condition_B",0.0829,0.985756890020437
"Gene_132","Condition_B",-1.8316,0.985756890020437
"Gene_133","Condition_B",0.1275,0.985756890020437
"Gene_134","Condition_B",0.3745,0.985756890020437
"Gene_135","Condition_B",-0.9609,0.985756890020437
"Gene_136","Condition_B",0.4909,0.985756890020437
"Gene_137","Condition_B",2.1253,0.985756890020437
"Gene_138","Condition_B",0.1111,0.985756890020437
"Gene_139","Condition_B",-0.2567,0.985756890020437
"Gene_140","Condition_B",2.4235,0.985756890020437
"Gene_141","Condition_B",0.6943,0.985756890020437
"Gene_142","Condition_B",0.3878,0.985756890020437
"Gene_143","Condition_B",1.4471,0.985756890020437
"Gene_144","Condition_B",1.4853,0.985756890020437
"Gene_145","Condition_B",-1.2187,0.985756890020437
"Gene_146","Condition_B",0.6274,0.985756890020437
"Gene_147","Condition_B",-0.4591,0.985756890020437
"Gene_148","Condition_B",-0.4129,0.985756890020437
"Gene_149","Condition_B",-0.6987,0.985756890020437
"Gene_150","Condition_B",1.9035,0.183479577018285
"Gene_151","Condition_B",0.7302,0.985756890020437
"Gene_152","Condition_B",-0.7782,0.985756890020437
"Gene_153","Condition_B",1.1702,0.985756890020437
"Gene_154","Condition_B",0.5347,0.985756890020437
"Gene_155","Condition_B",-1.7972,0.985756890020437
"Gene_156","Condition_B",-0.8323,0.985756890020437
"Gene_157","Condition_B",1.2272,0.985756890020437
"Gene_158","Condition_B",-0.4726,0.985756890020437
"Gene_159","Condition_B",-1.9696,0.985756890020437
"Gene_160","Condition_B",2.8774,0.985756890020437
"Gene_161","Condition_B",0.5189,0.985756890020437
"Gene_162","Condition_B",-0.2479,0.998021080845785
"Gene_163","Condition_B",2.0912,0.985756890020437
"Gene_164","Condition_B",2.0974,0.0795017726760467
"Gene_165","Condition_B",0.4323,0.994908803624326
"Gene_166","Condition_B",-1.4423,0.985756890020437
"Gene_167","Condition_B",1.8282,0.183479577018285
"Gene_168","Condition_B",0.2815,0.985756890020437
"Gene_169","Condition_B",-0.8243,0.992526247582975
"Gene_170","Condition_B",-0.8633,0.985756890020437
"Gene_171","Condition_B",-0.6922,0.985756890020437
"Gene_172","Condition_B",-2.4152,0.985756890020437
"Gene_173","Condition_B",1.3785,0.985756890020437
"Gene_174","Condition_B",0.8294,0.992526247582975
"Gene_175","Condition_B",1.9868,0.183479577018285
"Gene_176","Condition_B",-0.1832,0.992028806912013
"Gene_177","Condition_B",-1.7877,0.183479577018285
"Gene_178","Condition_B",0.5952,0.985756890020437
"Gene_179","Condition_B",-0.2996,0.985756890020437
"Gene_180","Condition_B",1.138,0.985756890020437
"Gene_181","Condition_B",2.0711,0.183479577018285
"Gene_182","Condition_B",-1.7354,0.985756890020437
"Gene_183","Condition_B",-0.5385,0.985756890020437
"Gene_184","Condition_B",-1.1601,0.985756890020437
"Gene_185","Condition_B",-0.099,0.985756890020437
"Gene_186","Condition_B",0.2654,0.985756890020437
"Gene_187","Condition_B",-1.2607,0.985756890020437
"Gene_188","Condition_B",0.7369,0.992028806912013
"Gene_189","Condition_B",0.7539,0.985756890020437
"Gene_190","Condition_B",0.9912,0.985756890020437
"Gene_191","Condition_B",-1.1749,0.992028806912013
"Gene_192","Condition_B",-0.5015,0.985756890020437
"Gene_193","Condition_B",0.8106,0.985756890020437
"Gene_194","Condition_B",0.378,0.985756890020437
"Gene_195","Condition_B",-0.6701,0.985756890020437
"Gene_196","Condition_B",-0.0308,0.985756890020437
"Gene_197","Condition_B",0.799,0.985756890020437
"Gene_198","Condition_B",-1.2524,0.992028806912013
"Gene_199","Condition_B",0.2242,0.985756890020437
"Gene_200","Condition_B",-1.4979,0.985756890020437
"Gene_201","Condition_B",-1.2199,0.985756890020437
"Gene_202","Condition_B",0.9229,0.985756890020437
"Gene_203","Condition_B",-1.2523,0.985756890020437
"Gene_204","Condition_B",-1.5479,0.985756890020437
"Gene_205","Condition_B",-0.7969,0.985756890020437
"Gene_206","Condition_B",1.6809,0.101909208818455
"Gene_207","Condition_B",0.1202,0.985756890020437
"Gene_208","Condition_B",-0.5944,0.985756890020437
"Gene_209","Condition_B",0.5455,0.985756890020437
"Gene_210","Condition_B",0.1966,0.998021080845785
"Gene_211","Condition_B",-0.7353,0.985756890020437
"Gene_212","Condition_B",-0.4491,0.998021080845785
"Gene_213","Condition_B",0.0428,0.985756890020437
"Gene_214","Condition_B",-0.682,0.985756890020437
"Gene_215","Condition_B",-0.7798,0.985756890020437
"Gene_216","Condition_B",1.7427,0.183479577018285
"Gene_217","Condition_B",-2.178,0.183479577018285
"Gene_218","Condition_B",1.0024,0.985756890020437
"Gene_219","Condition_B",0.1636,0.985756890020437
"Gene_220","Condition_B",0.4728,0.985756890020437
"Gene_221","Condition_B",-0.883,0.985756890020437
"Gene_222","Condition_B",-0.0018,0.985756890020437
"Gene_223","Condition_B",-0.1074,0.985756890020437
"Gene_224","Condition_B",-1.2827,0.985756890020437
"Gene_225","Condition_B",-0.4384,0.985756890020437
"Gene_226","Condition_B",-0.2402,0.985756890020437
"Gene_227","Condition_B",0.2099,0.985756890020437
"Gene_228","Condition_B",-0.3653,0.985756890020437
"Gene_229","Condition_B",0.6355,0.985756890020437
"Gene_230","Condition_B",0.5754,0.985756890020437
"Gene_231","Condition_B",-1.8398,0.985756890020437
"Gene_232","Condition_B",-1.7791,0.183479577018285
"Gene_233","Condition_B",-1.3654,0.985756890020437
"Gene_234","Condition_B",1.4189,0.183479577018285
"Gene_235","Condition_B",1.6556,0.985756890020437
"Gene_236","Condition_B",0.2998,0.985756890020437
"Gene_237","Condition_B",-1.1386,0.985756890020437
"Gene_238","Condition_B",0.3945,0.985756890020437
"Gene_239","Condition_B",-0.3085,0.985756890020437
"Gene_240","Condition_B",0.1252,0.992028806912013
"Gene_241","Condition_B",0.1126,0.985756890020437
"Gene_242","Condition_B",-1.3793,0.985756890020437
"Gene_243","Condition_B",1.14,0.992028806912013
"Gene_244","Condition_B",2.0679,0.180920822091349
"Gene_245","Condition_B",-0.3826,0.985756890020437
"Gene_246","Condition_B",-1.336,0.985756890020437
"Gene_247","Condition_B",-1.4409,0.985756890020437
"Gene_248","Condition_B",0.8339,0.985756890020437
"Gene_249","Condition_B",0.81,0.999326054420107
"Gene_250","Condition_B",-0.6014,0.985756890020437
"Gene_251","Condition_B",0.4301,0.985756890020437
"Gene_252","Condition_B",0.4028,0.985756890020437
"Gene_253","Condition_B",1.5065,0.985756890020437
"Gene_254","Condition_B",0.4708,0.985756890020437
"Gene_255","Condition_B",1.7393,0.985756890020437
"Gene_256","Condition_B",0.225,0.985756890020437
"Gene_257","Condition_B",0.6729,0.985756890020437
"Gene_258","Condition_B",2.0104,0.183479577018285
"Gene_259","Condition_B",-0.0703,0.985756890020437
"Gene_260","Condition_B",1.9076,0.136117150507483
"Gene_261","Condition_B",0.6536,0.985756890020437
"Gene_262","Condition_B",1.5155,0.136117150507483
"Gene_263","Condition_B",0.2971,0.985756890020437
"Gene_264","Condition_B",1.1628,0.985756890020437
"Gene_265","Condition_B",-0.0024,0.985756890020437
"Gene_266","Condition_B",0.6979,0.985756890020437
"Gene_267","Condition_B",0.5101,0.992028806912013
"Gene_268","Condition_B",1.1111,0.985756890020437
"Gene_269","Condition_B",0.4184,0.985756890020437
"Gene_270","Condition_B",1.7765,0.137574654927303
"Gene_271","Condition_B",-0.4855,0.985756890020437
"Gene_272","Condition_B",-0.862,0.985756890020437
"Gene_273","Condition_B",-1.0819,0.985756890020437
"Gene_274","Condition_B",-2.1333,0.183479577018285
"Gene_275","Condition_B",-1.2054,0.985756890020437
"Gene_276","Condition_B",0.562,0.985756890020437
"Gene_277","Condition_B",-0.5337,0.985756890020437
"Gene_278","Condition_B",0.9214,0.985756890020437
"Gene_279","Condition_B",0.7745,0.985756890020437
"Gene_280","Condition_B",-0.5968,0.985756890020437
"Gene_281","Condition_B",-0.3919,0.985756890020437
"Gene_282","Condition_B",-0.8412,0.985756890020437
"Gene_283","Condition_B",-1.7228,0.985756890020437
"Gene_284","Condition_B",0.899,0.985756890020437
"Gene_285","Condition_B",0.2654,0.985756890020437
"Stat1","Condition_C",0.4523,0.999158879923748
"Stat2","Condition_C",1.5157,0.999158879923748
"Irf7","Condition_C",-1.8485,0.999158879923748
"Isg15","Condition_C",-2.0964,0.0918895854863804
"Ifit1","Condition_C",0.6397,0.999158879923748
"Ifit2","Condition_C",1.3487,0.999158879923748
"Ifit3","Condition_C",-0.2006,0.999158879923748
"Mx1","Condition_C",0.0702,0.999158879923748
"Oas1a","Condition_C",0.3005,0.999158879923748
"Oas2","Condition_C",1.1405,0.999158879923748
"Rsad2","Condition_C",1.9563,0.0876608262673952
"Ddx58","Condition_C",-0.2759,0.999158879923748
"Ifih1","Condition_C",2.1715,0.204404393853474
"Usp18","Condition_C",0.2432,0.999158879923748
"Bst2","Condition_C",-0.7354,0.999158879923748
"Mki67","Condition_C",-1.7261,0.999158879923748
"Top2a","Condition_C",-0.4658,0.999158879923748
"Cdk1","Condition_C",0.2426,0.999158879923748
"Ccnb1","Condition_C",0.1351,0.999158879923748
"Ccnb2","Condition_C",-0.0963,0.999158879923748
"Aurkb","Condition_C",-1.3874,0.999158879923748
"Bub1","Condition_C",-2.2732,0.0680957703709014
"Ube2c","Condition_C",0.2396,0.999158879923748
"Cenpf","Condition_C",1.8269,0.999158879923748
"Nusap1","Condition_C",-2.169,0.999158879923748
"Tpx2","Condition_C",-1.9465,0.152525890723405
"Pttg1","Condition_C",0.2985,0.999158879923748
"Cdc20","Condition_C",-1.1235,0.999158879923748
"Plk1","Condition_C",2.1782,0.189114145084352
"Kif11","Condition_C",1.1364,0.999158879923748
"Il6","Condition_C",3.2742,0.000214984427122252
"Cxcl10","Condition_C",-2.8301,0.000214984427122252
"Ccl2","Condition_C",-2.6599,0.000214984427122252
"Ccl5","Condition_C",-2.7078,0.000214984427122252
"Tnf","Condition_C",-2.7698,0.000214984427122252
"Nfkbia","Condition_C",2.6561,0.000214984427122252
"Socs3","Condition_C",2.6812,0.000214984427122252
"Icam1","Condition_C",-2.3415,0.000214984427122252
"Jun","Condition_C",3.59,0.000214984427122252
"Fos","Condition_C",-2.4872,0.000214984427122252
"Stat3","Condition_C",3.0938,0.000214984427122252
"Ptgs2","Condition_C",2.7654,0.000214984427122252
"Cxcl1","Condition_C",-3.1503,0.000214984427122252
"Il1b","Condition_C",-2.7723,0.000214984427122252
"Tlr2","Condition_C",-2.7689,0.000214984427122252
"Gene_1","Condition_C",0.8182,0.99986499492079
"Gene_2","Condition_C",0.2907,0.999158879923748
"Gene_3","Condition_C",0.3075,0.999158879923748
"Gene_4","Condition_C",1.0988,0.999158879923748
"Gene_5","Condition_C",1.2031,0.999158879923748
"Gene_6","Condition_C",0.6302,0.999158879923748
"Gene_7","Condition_C",-1.6305,0.999158879923748
"Gene_8","Condition_C",-0.3718,0.999158879923748
"Gene_9","Condition_C",-1.6015,0.999158879923748
"Gene_10","Condition_C",1.0319,0.999158879923748
"Gene_11","Condition_C",-0.6168,0.999158879923748
"Gene_12","Condition_C",-2.1586,0.999158879923748
"Gene_13","Condition_C",-0.2023,0.999158879923748
"Gene_14","Condition_C",-0.4233,0.999158879923748
"Gene_15","Condition_C",0.782,0.999158879923748
"Gene_16","Condition_C",-0.3733,0.999158879923748
"Gene_17","Condition_C",1.7788,0.999158879923748
"Gene_18","Condition_C",0.4142,0.999158879923748
"Gene_19","Condition_C",-1.0199,0.999158879923748
"Gene_20","Condition_C",-1.6057,0.999158879923748
"Gene_21","Condition_C",2.1991,0.0918895854863804
"Gene_22","Condition_C",-0.6899,0.999158879923748
"Gene_23","Condition_C",-0.342,0.999158879923748
"Gene_24","Condition_C",0.3327,0.999158879923748
"Gene_25","Condition_C",-0.5623,0.999158879923748
"Gene_26","Condition_C",-1.3358,0.999158879923748
"Gene_27","Condition_C",1.4574,0.999158879923748
"Gene_28","Condition_C",1.5646,0.999158879923748
"Gene_29","Condition_C",2.1604,0.999158879923748
"Gene_30","Condition_C",0.7008,0.999158879923748
"Gene_31","Condition_C",-0.2825,0.999158879923748
"Gene_32","Condition_C",0.0126,0.999158879923748
"Gene_33","Condition_C",-1.003,0.999158879923748
"Gene_34","Condition_C",0.8196,0.999158879923748
"Gene_35","Condition_C",-1.5421,0.999158879923748
"Gene_36","Condition_C",2.0558,0.189372223043382
"Gene_37","Condition_C",1.3565,0.999158879923748
"Gene_38","Condition_C",2.8199,0.999158879923748
"Gene_39","Condition_C",0.1024,0.999158879923748
"Gene_40","Condition_C",1.6721,0.999158879923748
"Gene_41","Condition_C",-2.207,0.0918895854863804
"Gene_42","Condition_C",0.8672,0.999158879923748
"Gene_43","Condition_C",-0.2664,0.999158879923748
"Gene_44","Condition_C",-1.4135,0.999158879923748
"Gene_45","Condition_C",-0.27,0.999158879923748
"Gene_46","Condition_C",-0.1887,0.999158879923748
"Gene_47","Condition_C",-1.0222,0.999158879923748
"Gene_48","Condition_C",0.2192,0.999158879923748
"Gene_49","Condition_C",0.0884,0.999158879923748
"Gene_50","Condition_C",1.3698,0.999158879923748
"Gene_51","Condition_C",1.0166,0.999158879923748
"Gene_52","Condition_C",-2.031,0.196753134437681
"Gene_53","Condition_C",0.6498,0.999158879923748
"Gene_54","Condition_C",-1.0679,0.999158879923748
"Gene_55","Condition_C",1.9053,0.999158879923748
"Gene_56","Condition_C",-1.2264,0.999158879923748
"Gene_57","Condition_C",-0.1366,0.999158879923748
"Gene_58","Condition_C",-1.4144,0.999158879923748
"Gene_59","Condition_C",-0.44,0.999158879923748
"Gene_60","Condition_C",1.9631,0.999158879923748
"Gene_61","Condition_C",2.0339,0.0918895854863804
"Gene_62","Condition_C",-0.3133,0.999158879923748
"Gene_63","Condition_C",2.2802,0.126373220323585
"Gene_64","Condition_C",-0.5778,0.999158879923748
"Gene_65","Condition_C",0.5371,0.999158879923748
"Gene_66","Condition_C",-0.1415,0.999158879923748
"Gene_67","Condition_C",-1.1148,0.999158879923748
"Gene_68","Condition_C",1.3311,0.999158879923748
"Gene_69","Condition_C",-0.1052,0.999158879923748
"Gene_70","Condition_C",-0.1919,0.999158879923748
"Gene_71","Condition_C",-1.1336,0.999158879923748
"Gene_72","Condition_C",1.3931,0.999158879923748
"Gene_73","Condition_C",-0.954,0.999158879923748
"Gene_74","Condition_C",0.3759,0.999158879923748
"Gene_75","Condition_C",0.8814,0.999158879923748
"Gene_76","Condition_C",1.4627,0.999158879923748
"Gene_77","Condition_C",0.9834,0.999158879923748
"Gene_78","Condition_C",1.0632,0.999158879923748
"Gene_79","Condition_C",0.3159,0.999158879923748
"Gene_80","Condition_C",-0.2064,0.999158879923748
"Gene_81","Condition_C",-0.9719,0.999158879923748
"Gene_82","Condition_C",0.1475,0.999158879923748
"Gene_83","Condition_C",0.4959,0.999158879923748
"Gene_84","Condition_C",-0.9275,0.999158879923748
"Gene_85","Condition_C",0.7362,0.999158879923748
"Gene_86","Condition_C",-0.4314,0.999158879923748
"Gene_87","Condition_C",0.3442,0.999158879923748
"Gene_88","Condition_C",0.0052,0.999158879923748
"Gene_89","Condition_C",-0.3158,0.999158879923748
"Gene_90","Condition_C",-1.5631,0.999158879923748
"Gene_91","Condition_C",0.0419,0.999158879923748
"Gene_92","Condition_C",-1.0093,0.999158879923748
"Gene_93","Condition_C",-0.7034,0.999158879923748
"Gene_94","Condition_C",0.7649,0.999158879923748
"Gene_95","Condition_C",1.5874,0.999158879923748
"Gene_96","Condition_C",0.7611,0.999158879923748
"Gene_97","Condition_C",-2.0246,0.156203813292338
"Gene_98","Condition_C",0.2297,0.999158879923748
"Gene_99","Condition_C",0.2694,0.999158879923748
"Gene_100","Condition_C",0.2886,0.999158879923748
"Gene_101","Condition_C",-1.8627,0.189114145084352
"Gene_102","Condition_C",-1.0304,0.999158879923748
"Gene_103","Condition_C",0.5045,0.999158879923748
"Gene_104","Condition_C",-0.534,0.999158879923748
"Gene_105","Condition_C",-1.0625,0.999158879923748
"Gene_106","Condition_C",0.2769,0.999158879923748
"Gene_107","Condition_C",-0.1306,0.999158879923748
"Gene_108","Condition_C",-0.3792,0.999158879923748
"Gene_109","Condition_C",-1.059,0.999158879923748
"Gene_110","Condition_C",-0.4262,0.999158879923748
"Gene_111","Condition_C",0.8421,0.999158879923748
"Gene_112","Condition_C",0.8215,0.999158879923748
"Gene_113","Condition_C",-0.6755,0.999158879923748
"Gene_114","Condition_C",-0.9608,0.999158879923748
"Gene_115","Condition_C",-1.8481,0.189114145084352
"Gene_116","Condition_C",0.0922,0.999158879923748
"Gene_117","Condition_C",1.0739,0.999158879923748
"Gene_118","Condition_C",-1.0373,0.999158879923748
"Gene_119","Condition_C",1.3033,0.999158879923748
"Gene_120","Condition_C",1.0328,0.999158879923748
"Gene_121","Condition_C",0.2853,0.999158879923748
"Gene_122","Condition_C",0.0534,0.999158879923748
"Gene_123","Condition_C",0.9753,0.999158879923748
"Gene_124","Condition_C",-0.4972,0.999158879923748
"Gene_125","Condition_C",-0.4508,0.999158879923748
"Gene_126","Condition_C",-0.1651,0.999158879923748
"Gene_127","Condition_C",-0.2123,0.999158879923748
"Gene_128","Condition_C",0.1651,0.999158879923748
"Gene_129","Condition_C",0.8756,0.999158879923748
"Gene_130","Condition_C",0.0984,0.999158879923748
"Gene_131","Condition_C",-1.5033,0.999158879923748
"Gene_132","Condition_C",0.7663,0.999158879923748
"Gene_133","Condition_C",1.7045,0.999158879923748
"Gene_134","Condition_C",-2.2438,0.999158879923748
"Gene_135","Condition_C",-2.0427,0.0680957703709014
"Gene_136","Condition_C",0.4506,0.999158879923748
"Gene_137","Condition_C",0.623,0.999158879923748
"Gene_138","Condition_C",-0.5102,0.999158879923748
"Gene_139","Condition_C",0.8505,0.99986499492079
"Gene_140","Condition_C",0.7368,0.999158879923748
"Gene_141","Condition_C",0.0139,0.999158879923748
"Gene_142","Condition_C",0.9494,0.999158879923748
"Gene_143","Condition_C",0.6321,0.999158879923748
"Gene_144","Condition_C",-0.0597,0.999158879923748
"Gene_145","Condition_C",1.267,0.999158879923748
"Gene_146","Condition_C",0.5056,0.999158879923748
"Gene_147","Condition_C",-0.1832,0.999158879923748
"Gene_148","Condition_C",-1.3598,0.999158879923748
"Gene_149","Condition_C",0.5368,0.999158879923748
"Gene_150","Condition_C",-1.151,0.999158879923748
"Gene_151","Condition_C",-1.0469,0.999158879923748
"Gene_152","Condition_C",-0.7509,0.999158879923748
"Gene_153","Condition_C",-1.6966,0.119295357968583
"Gene_154","Condition_C",-0.0304,0.999158879923748
"Gene_155","Condition_C",-0.8111,0.999158879923748
"Gene_156","Condition_C",-1.8503,0.0876608262673952
"Gene_157","Condition_C",-0.4036,0.999158879923748
"Gene_158","Condition_C",0.5028,0.999158879923748
"Gene_159","Condition_C",0.0838,0.999158879923748
"Gene_160","Condition_C",0.5365,0.999158879923748
"Gene_161","Condition_C",-0.6157,0.999158879923748
"Gene_162","Condition_C",0.3264,0.999158879923748
"Gene_163","Condition_C",1.3807,0.999158879923748
"Gene_164","Condition_C",-0.9488,0.999158879923748
"Gene_165","Condition_C",-0.0299,0.999158879923748
"Gene_166","Condition_C",0.8509,0.999158879923748
"Gene_167","Condition_C",0.2153,0.999158879923748
"Gene_168","Condition_C",1.4039,0.999158879923748
"Gene_169","Condition_C",1.2119,0.999158879923748
"Gene_170","Condition_C",-0.5336,0.999158879923748
"Gene_171","Condition_C",0.4877,0.999158879923748
"Gene_172","Condition_C",-0.8349,0.999158879923748
"Gene_173","Condition_C",-0.3748,0.999158879923748
"Gene_174","Condition_C",0.9067,0.999158879923748
"Gene_175","Condition_C",1.738,0.156203813292338
"Gene_176","Condition_C",0.3664,0.999158879923748
"Gene_177","Condition_C",1.7599,0.202316284380934
"Gene_178","Condition_C",-0.9753,0.999158879923748
"Gene_179","Condition_C",-0.5251,0.999158879923748
"Gene_180","Condition_C",0.7017,0.999158879923748
"Gene_181","Condition_C",-0.1031,0.999158879923748
"Gene_182","Condition_C",-0.5426,0.999158879923748
"Gene_183","Condition_C",-0.0646,0.999158879923748
"Gene_184","Condition_C",-1.7661,0.999158879923748
"Gene_185","Condition_C",-0.973,0.999158879923748
"Gene_186","Condition_C",0.1361,0.999158879923748
"Gene_187","Condition_C",-1.5769,0.999158879923748
"Gene_188","Condition_C",-0.0079,0.999158879923748
"Gene_189","Condition_C",0.1594,0.999158879923748
"Gene_190","Condition_C",-1.2538,0.999158879923748
"Gene_191","Condition_C",0.7085,0.999158879923748
"Gene_192","Condition_C",-0.7534,0.999158879923748
"Gene_193","Condition_C",2.041,0.0641163660885821
"Gene_194","Condition_C",-1.2332,0.999158879923748
"Gene_195","Condition_C",-0.1133,0.999158879923748
"Gene_196","Condition_C",1.0057,0.999158879923748
"Gene_197","Condition_C",1.7427,0.0876608262673952
"Gene_198","Condition_C",-0.6917,0.999158879923748
"Gene_199","Condition_C",0.7697,0.999158879923748
"Gene_200","Condition_C",1.9487,0.999158879923748
"Gene_201","Condition_C",-0.1283,0.999158879923748
"Gene_202","Condition_C",1.0873,0.999158879923748
"Gene_203","Condition_C",0.5867,0.999158879923748
"Gene_204","Condition_C",2.2743,0.0568793737624947
"Gene_205","Condition_C",1.186,0.999158879923748
"Gene_206","Condition_C",-2.1557,0.999158879923748
"Gene_207","Condition_C",-0.1024,0.999158879923748
"Gene_208","Condition_C",-1.7823,0.196697602252216
"Gene_209","Condition_C",0.6557,0.999158879923748
"Gene_210","Condition_C",0.6536,0.999158879923748
"Gene_211","Condition_C",1.4319,0.999158879923748
"Gene_212","Condition_C",0.0944,0.999158879923748
"Gene_213","Condition_C",0.4541,0.999158879923748
"Gene_214","Condition_C",0.6756,0.999158879923748
"Gene_215","Condition_C",-0.7459,0.999158879923748
"Gene_216","Condition_C",0.6386,0.999158879923748
"Gene_217","Condition_C",-1.1188,0.126373220323585
"Gene_218","Condition_C",-0.521,0.999158879923748
"Gene_219","Condition_C",-1.1111,0.999158879923748
"Gene_220","Condition_C",-0.1969,0.999158879923748
"Gene_221","Condition_C",0.0368,0.999158879923748
"Gene_222","Condition_C",-2.0434,0.0876608262673952
"Gene_223","Condition_C",-2.2394,0.189114145084352
"Gene_224","Condition_C",0.6073,0.999158879923748
"Gene_225","Condition_C",-0.8245,0.999158879923748
"Gene_226","Condition_C",0.2568,0.999158879923748
"Gene_227","Condition_C",1.9743,0.0876608262673952
"Gene_228","Condition_C",1.0027,0.999158879923748
"Gene_229","Condition_C",-0.0102,0.999158879923748
"Gene_230","Condition_C",-1.8187,0.999158879923748
"Gene_231","Condition_C",0.5561,0.999158879923748
"Gene_232","Condition_C",-0.1015,0.999158879923748
"Gene_233","Condition_C",1.4356,0.999158879923748
"Gene_234","Condition_C",0.4895,0.999158879923748
"Gene_235","Condition_C",-1.4912,0.999158879923748
"Gene_236","Condition_C",0.0919,0.999158879923748
"Gene_237","Condition_C",-0.9488,0.999158879923748
"Gene_238","Condition_C",-1.8486,0.999158879923748
"Gene_239","Condition_C",0.7447,0.999158879923748
"Gene_240","Condition_C",-1.7474,0.999158879923748
"Gene_241","Condition_C",1.4661,0.999158879923748
"Gene_242","Condition_C",-0.3257,0.999158879923748
"Gene_243","Condition_C",-0.5644,0.999158879923748
"Gene_244","Condition_C",1.9672,0.0876608262673952
"Gene_245","Condition_C",-1.4989,0.999158879923748
"Gene_246","Condition_C",0.3751,0.999158879923748
"Gene_247","Condition_C",-1.5402,0.999158879923748
"Gene_248","Condition_C",0.2882,0.999158879923748
"Gene_249","Condition_C",-0.9346,0.999158879923748
"Gene_250","Condition_C",0.4701,0.999158879923748
"Gene_251","Condition_C",1.7762,0.156203813292338
"Gene_252","Condition_C",0.2101,0.999158879923748
"Gene_253","Condition_C",-1.8484,0.999158879923748
"Gene_254","Condition_C",-1.3396,0.999158879923748
"Gene_255","Condition_C",1.9128,0.999158879923748
"Gene_256","Condition_C",-2.0544,0.204404393853474
"Gene_257","Condition_C",-0.0173,0.999158879923748
"Gene_258","Condition_C",0.8448,0.999158879923748
"Gene_259","Condition_C",-1.0782,0.999158879923748
"Gene_260","Condition_C",0.5825,0.999158879923748
"Gene_261","Condition_C",-0.716,0.999158879923748
"Gene_262","Condition_C",-0.7845,0.999158879923748
"Gene_263","Condition_C",0.06,0.999158879923748
"Gene_264","Condition_C",0.5832,0.999158879923748
"Gene_265","Condition_C",-0.5122,0.999158879923748
"Gene_266","Condition_C",-0.5378,0.999158879923748
"Gene_267","Condition_C",0.9241,0.999158879923748
"Gene_268","Condition_C",-1.5745,0.0918895854863804
"Gene_269","Condition_C",0.051,0.999158879923748
"Gene_270","Condition_C",-1.1519,0.999158879923748
"Gene_271","Condition_C",-0.1132,0.999158879923748
"Gene_272","Condition_C",0.5518,0.999158879923748
"Gene_273","Condition_C",-1.1172,0.999158879923748
"Gene_274","Condition_C",-0.6351,0.999158879923748
"Gene_275","Condition_C",1.9958,0.196753134437681
"Gene_276","Condition_C",1.7722,0.999158879923748
"Gene_277","Condition_C",-1.1733,0.999158879923748
"Gene_278","Condition_C",-0.4302,0.999158879923748
"Gene_279","Condition_C",0.1269,0.999158879923748
"Gene_280","Condition_C",0.3127,0.999158879923748
"Gene_281","Condition_C",-0.0449,0.999158879923748
"Gene_282","Condition_C",-0.6406,0.999158879923748
"Gene_283","Condition_C",0.7985,0.999158879923748
"Gene_284","Condition_C",0.55,0.999158879923748
"Gene_285","Condition_C",0.0234,0.999158879923748
