gene,n,mean_delta,sem,kruskal_H,p_value,bh_fdr,significance
nsp1,9,0.000967,7.5e-05,17.95935,2.3e-05,0.000102,***
nsp2,9,0.002558,0.000287,2.732611,0.098318,0.110608,
nsp3,9,0.010972,0.001702,4.682927,0.030464,0.045696,*
nsp4,9,0.000939,7.9e-05,18.343496,1.8e-05,0.000102,***
capsid,9,0.002129,0.000116,3.994806,0.045641,0.058681,
E3,9,0.015052,0.002395,9.398374,0.002172,0.004887,**
E2,9,0.013615,0.002956,6.373984,0.011581,0.020845,*
6K,9,0.018378,0.002559,14.800361,0.00012,0.000359,***
E1,9,0.006722,0.000448,0.326107,0.567961,0.567961,
